statistic,statistic_label,tlist(q1),quarter,c01855v02284,port,unit,value,year,quarter_num
TBQ01C01,Arrivals,20171,2017Q1,IEMIP,All Main Irish Ports,Number,2943.0,2017,1
TBQ01C01,Arrivals,20171,2017Q1,IEDUB,Dublin,Number,1823.0,2017,1
TBQ01C01,Arrivals,20171,2017Q1,IEFOV,Shannon Foynes,Number,190.0,2017,1
TBQ01C01,Arrivals,20171,2017Q1,IEORK,Cork,Number,283.0,2017,1
TBQ01C01,Arrivals,20171,2017Q1,IEROS,Rosslare,Number,418.0,2017,1
TBQ01C01,Arrivals,20171,2017Q1,IEWAT,Waterford,Number,130.0,2017,1
TBQ01C01,Arrivals,20172,2017Q2,IEMIP,All Main Irish Ports,Number,3121.0,2017,2
TBQ01C01,Arrivals,20172,2017Q2,IEDUB,Dublin,Number,1984.0,2017,2
TBQ01C01,Arrivals,20172,2017Q2,IEFOV,Shannon Foynes,Number,111.0,2017,2
TBQ01C01,Arrivals,20172,2017Q2,IEORK,Cork,Number,352.0,2017,2
TBQ01C01,Arrivals,20172,2017Q2,IEROS,Rosslare,Number,464.0,2017,2
TBQ01C01,Arrivals,20172,2017Q2,IEWAT,Waterford,Number,109.0,2017,2
TBQ01C01,Arrivals,20173,2017Q3,IEMIP,All Main Irish Ports,Number,3149.0,2017,3
TBQ01C01,Arrivals,20173,2017Q3,IEDUB,Dublin,Number,2055.0,2017,3
TBQ01C01,Arrivals,20173,2017Q3,IEFOV,Shannon Foynes,Number,98.0,2017,3
TBQ01C01,Arrivals,20173,2017Q3,IEORK,Cork,Number,332.0,2017,3
TBQ01C01,Arrivals,20173,2017Q3,IEROS,Rosslare,Number,461.0,2017,3
TBQ01C01,Arrivals,20173,2017Q3,IEWAT,Waterford,Number,112.0,2017,3
TBQ01C01,Arrivals,20174,2017Q4,IEMIP,All Main Irish Ports,Number,2913.0,2017,4
TBQ01C01,Arrivals,20174,2017Q4,IEDUB,Dublin,Number,1851.0,2017,4
TBQ01C01,Arrivals,20174,2017Q4,IEFOV,Shannon Foynes,Number,116.0,2017,4
TBQ01C01,Arrivals,20174,2017Q4,IEORK,Cork,Number,296.0,2017,4
TBQ01C01,Arrivals,20174,2017Q4,IEROS,Rosslare,Number,427.0,2017,4
TBQ01C01,Arrivals,20174,2017Q4,IEWAT,Waterford,Number,99.0,2017,4
TBQ01C01,Arrivals,20181,2018Q1,IEMIP,All Main Irish Ports,Number,2828.0,2018,1
TBQ01C01,Arrivals,20181,2018Q1,IEDUB,Dublin,Number,1836.0,2018,1
TBQ01C01,Arrivals,20181,2018Q1,IEFOV,Shannon Foynes,Number,128.0,2018,1
TBQ01C01,Arrivals,20181,2018Q1,IEORK,Cork,Number,297.0,2018,1
TBQ01C01,Arrivals,20181,2018Q1,IEROS,Rosslare,Number,345.0,2018,1
TBQ01C01,Arrivals,20181,2018Q1,IEWAT,Waterford,Number,117.0,2018,1
TBQ01C01,Arrivals,20182,2018Q2,IEMIP,All Main Irish Ports,Number,3334.0,2018,2
TBQ01C01,Arrivals,20182,2018Q2,IEDUB,Dublin,Number,2083.0,2018,2
TBQ01C01,Arrivals,20182,2018Q2,IEFOV,Shannon Foynes,Number,128.0,2018,2
TBQ01C01,Arrivals,20182,2018Q2,IEORK,Cork,Number,405.0,2018,2
TBQ01C01,Arrivals,20182,2018Q2,IEROS,Rosslare,Number,456.0,2018,2
TBQ01C01,Arrivals,20182,2018Q2,IEWAT,Waterford,Number,140.0,2018,2
TBQ01C01,Arrivals,20183,2018Q3,IEMIP,All Main Irish Ports,Number,3378.0,2018,3
TBQ01C01,Arrivals,20183,2018Q3,IEDUB,Dublin,Number,2079.0,2018,3
TBQ01C01,Arrivals,20183,2018Q3,IEFOV,Shannon Foynes,Number,141.0,2018,3
TBQ01C01,Arrivals,20183,2018Q3,IEORK,Cork,Number,424.0,2018,3
TBQ01C01,Arrivals,20183,2018Q3,IEROS,Rosslare,Number,463.0,2018,3
TBQ01C01,Arrivals,20183,2018Q3,IEWAT,Waterford,Number,141.0,2018,3
TBQ01C01,Arrivals,20184,2018Q4,IEMIP,All Main Irish Ports,Number,2955.0,2018,4
TBQ01C01,Arrivals,20184,2018Q4,IEDUB,Dublin,Number,1862.0,2018,4
TBQ01C01,Arrivals,20184,2018Q4,IEFOV,Shannon Foynes,Number,119.0,2018,4
TBQ01C01,Arrivals,20184,2018Q4,IEORK,Cork,Number,361.0,2018,4
TBQ01C01,Arrivals,20184,2018Q4,IEROS,Rosslare,Number,383.0,2018,4
TBQ01C01,Arrivals,20184,2018Q4,IEWAT,Waterford,Number,117.0,2018,4
TBQ01C01,Arrivals,20191,2019Q1,IEMIP,All Main Irish Ports,Number,2939.0,2019,1
TBQ01C01,Arrivals,20191,2019Q1,IEDUB,Dublin,Number,1874.0,2019,1
TBQ01C01,Arrivals,20191,2019Q1,IEFOV,Shannon Foynes,Number,130.0,2019,1
TBQ01C01,Arrivals,20191,2019Q1,IEORK,Cork,Number,329.0,2019,1
TBQ01C01,Arrivals,20191,2019Q1,IEROS,Rosslare,Number,367.0,2019,1
TBQ01C01,Arrivals,20191,2019Q1,IEWAT,Waterford,Number,119.0,2019,1
TBQ01C01,Arrivals,20192,2019Q2,IEMIP,All Main Irish Ports,Number,3216.0,2019,2
TBQ01C01,Arrivals,20192,2019Q2,IEDUB,Dublin,Number,2054.0,2019,2
TBQ01C01,Arrivals,20192,2019Q2,IEFOV,Shannon Foynes,Number,127.0,2019,2
TBQ01C01,Arrivals,20192,2019Q2,IEORK,Cork,Number,391.0,2019,2
TBQ01C01,Arrivals,20192,2019Q2,IEROS,Rosslare,Number,412.0,2019,2
TBQ01C01,Arrivals,20192,2019Q2,IEWAT,Waterford,Number,118.0,2019,2
TBQ01C01,Arrivals,20193,2019Q3,IEMIP,All Main Irish Ports,Number,3202.0,2019,3
TBQ01C01,Arrivals,20193,2019Q3,IEDUB,Dublin,Number,2056.0,2019,3
TBQ01C01,Arrivals,20193,2019Q3,IEFOV,Shannon Foynes,Number,110.0,2019,3
TBQ01C01,Arrivals,20193,2019Q3,IEORK,Cork,Number,407.0,2019,3
TBQ01C01,Arrivals,20193,2019Q3,IEROS,Rosslare,Number,414.0,2019,3
TBQ01C01,Arrivals,20193,2019Q3,IEWAT,Waterford,Number,106.0,2019,3
TBQ01C01,Arrivals,20194,2019Q4,IEMIP,All Main Irish Ports,Number,2893.0,2019,4
TBQ01C01,Arrivals,20194,2019Q4,IEDUB,Dublin,Number,1822.0,2019,4
TBQ01C01,Arrivals,20194,2019Q4,IEFOV,Shannon Foynes,Number,115.0,2019,4
TBQ01C01,Arrivals,20194,2019Q4,IEORK,Cork,Number,332.0,2019,4
TBQ01C01,Arrivals,20194,2019Q4,IEROS,Rosslare,Number,361.0,2019,4
TBQ01C01,Arrivals,20194,2019Q4,IEWAT,Waterford,Number,116.0,2019,4
TBQ01C01,Arrivals,20201,2020Q1,IEMIP,All Main Irish Ports,Number,2760.0,2020,1
TBQ01C01,Arrivals,20201,2020Q1,IEDUB,Dublin,Number,1785.0,2020,1
TBQ01C01,Arrivals,20201,2020Q1,IEFOV,Shannon Foynes,Number,110.0,2020,1
TBQ01C01,Arrivals,20201,2020Q1,IEORK,Cork,Number,298.0,2020,1
TBQ01C01,Arrivals,20201,2020Q1,IEROS,Rosslare,Number,335.0,2020,1
TBQ01C01,Arrivals,20201,2020Q1,IEWAT,Waterford,Number,114.0,2020,1
TBQ01C01,Arrivals,20202,2020Q2,IEMIP,All Main Irish Ports,Number,2678.0,2020,2
TBQ01C01,Arrivals,20202,2020Q2,IEDUB,Dublin,Number,1671.0,2020,2
TBQ01C01,Arrivals,20202,2020Q2,IEFOV,Shannon Foynes,Number,105.0,2020,2
TBQ01C01,Arrivals,20202,2020Q2,IEORK,Cork,Number,269.0,2020,2
TBQ01C01,Arrivals,20202,2020Q2,IEROS,Rosslare,Number,417.0,2020,2
TBQ01C01,Arrivals,20202,2020Q2,IEWAT,Waterford,Number,107.0,2020,2
TBQ01C01,Arrivals,20203,2020Q3,IEMIP,All Main Irish Ports,Number,2979.0,2020,3
TBQ01C01,Arrivals,20203,2020Q3,IEDUB,Dublin,Number,1896.0,2020,3
TBQ01C01,Arrivals,20203,2020Q3,IEFOV,Shannon Foynes,Number,100.0,2020,3
TBQ01C01,Arrivals,20203,2020Q3,IEORK,Cork,Number,327.0,2020,3
TBQ01C01,Arrivals,20203,2020Q3,IEROS,Rosslare,Number,437.0,2020,3
TBQ01C01,Arrivals,20203,2020Q3,IEWAT,Waterford,Number,118.0,2020,3
TBQ01C01,Arrivals,20204,2020Q4,IEMIP,All Main Irish Ports,Number,2928.0,2020,4
TBQ01C01,Arrivals,20204,2020Q4,IEDUB,Dublin,Number,1872.0,2020,4
TBQ01C01,Arrivals,20204,2020Q4,IEFOV,Shannon Foynes,Number,108.0,2020,4
TBQ01C01,Arrivals,20204,2020Q4,IEORK,Cork,Number,320.0,2020,4
TBQ01C01,Arrivals,20204,2020Q4,IEROS,Rosslare,Number,400.0,2020,4
TBQ01C01,Arrivals,20204,2020Q4,IEWAT,Waterford,Number,109.0,2020,4
TBQ01C01,Arrivals,20211,2021Q1,IEMIP,All Main Irish Ports,Number,2833.0,2021,1
TBQ01C01,Arrivals,20211,2021Q1,IEDUB,Dublin,Number,1703.0,2021,1
TBQ01C01,Arrivals,20211,2021Q1,IEFOV,Shannon Foynes,Number,117.0,2021,1
TBQ01C01,Arrivals,20211,2021Q1,IEORK,Cork,Number,354.0,2021,1
TBQ01C01,Arrivals,20211,2021Q1,IEROS,Rosslare,Number,419.0,2021,1
TBQ01C01,Arrivals,20211,2021Q1,IEWAT,Waterford,Number,123.0,2021,1
TBQ01C01,Arrivals,20212,2021Q2,IEMIP,All Main Irish Ports,Number,3025.0,2021,2
TBQ01C01,Arrivals,20212,2021Q2,IEDUB,Dublin,Number,1823.0,2021,2
TBQ01C01,Arrivals,20212,2021Q2,IEFOV,Shannon Foynes,Number,116.0,2021,2
TBQ01C01,Arrivals,20212,2021Q2,IEORK,Cork,Number,423.0,2021,2
TBQ01C01,Arrivals,20212,2021Q2,IEROS,Rosslare,Number,454.0,2021,2
TBQ01C01,Arrivals,20212,2021Q2,IEWAT,Waterford,Number,110.0,2021,2
TBQ01C01,Arrivals,20213,2021Q3,IEMIP,All Main Irish Ports,Number,3302.0,2021,3
TBQ01C01,Arrivals,20213,2021Q3,IEDUB,Dublin,Number,1960.0,2021,3
TBQ01C01,Arrivals,20213,2021Q3,IEFOV,Shannon Foynes,Number,110.0,2021,3
TBQ01C01,Arrivals,20213,2021Q3,IEORK,Cork,Number,498.0,2021,3
TBQ01C01,Arrivals,20213,2021Q3,IEROS,Rosslare,Number,536.0,2021,3
TBQ01C01,Arrivals,20213,2021Q3,IEWAT,Waterford,Number,96.0,2021,3
TBQ01C01,Arrivals,20214,2021Q4,IEMIP,All Main Irish Ports,Number,2859.0,2021,4
TBQ01C01,Arrivals,20214,2021Q4,IEDUB,Dublin,Number,1733.0,2021,4
TBQ01C01,Arrivals,20214,2021Q4,IEFOV,Shannon Foynes,Number,124.0,2021,4
TBQ01C01,Arrivals,20214,2021Q4,IEORK,Cork,Number,360.0,2021,4
TBQ01C01,Arrivals,20214,2021Q4,IEROS,Rosslare,Number,434.0,2021,4
TBQ01C01,Arrivals,20214,2021Q4,IEWAT,Waterford,Number,105.0,2021,4
TBQ01C01,Arrivals,20221,2022Q1,IEMIP,All Main Irish Ports,Number,2746.0,2022,1
TBQ01C01,Arrivals,20221,2022Q1,IEDUB,Dublin,Number,1713.0,2022,1
TBQ01C01,Arrivals,20221,2022Q1,IEFOV,Shannon Foynes,Number,123.0,2022,1
TBQ01C01,Arrivals,20221,2022Q1,IEORK,Cork,Number,296.0,2022,1
TBQ01C01,Arrivals,20221,2022Q1,IEROS,Rosslare,Number,429.0,2022,1
TBQ01C01,Arrivals,20221,2022Q1,IEWAT,Waterford,Number,114.0,2022,1
TBQ01C01,Arrivals,20222,2022Q2,IEMIP,All Main Irish Ports,Number,3085.0,2022,2
TBQ01C01,Arrivals,20222,2022Q2,IEDUB,Dublin,Number,1956.0,2022,2
TBQ01C01,Arrivals,20222,2022Q2,IEFOV,Shannon Foynes,Number,110.0,2022,2
TBQ01C01,Arrivals,20222,2022Q2,IEORK,Cork,Number,392.0,2022,2
TBQ01C01,Arrivals,20222,2022Q2,IEROS,Rosslare,Number,436.0,2022,2
TBQ01C01,Arrivals,20222,2022Q2,IEWAT,Waterford,Number,119.0,2022,2
TBQ01C01,Arrivals,20223,2022Q3,IEMIP,All Main Irish Ports,Number,3202.0,2022,3
TBQ01C01,Arrivals,20223,2022Q3,IEDUB,Dublin,Number,1983.0,2022,3
TBQ01C01,Arrivals,20223,2022Q3,IEFOV,Shannon Foynes,Number,91.0,2022,3
TBQ01C01,Arrivals,20223,2022Q3,IEORK,Cork,Number,393.0,2022,3
TBQ01C01,Arrivals,20223,2022Q3,IEROS,Rosslare,Number,581.0,2022,3
TBQ01C01,Arrivals,20223,2022Q3,IEWAT,Waterford,Number,104.0,2022,3
TBQ01C01,Arrivals,20224,2022Q4,IEMIP,All Main Irish Ports,Number,2795.0,2022,4
TBQ01C01,Arrivals,20224,2022Q4,IEDUB,Dublin,Number,1750.0,2022,4
TBQ01C01,Arrivals,20224,2022Q4,IEFOV,Shannon Foynes,Number,107.0,2022,4
TBQ01C01,Arrivals,20224,2022Q4,IEORK,Cork,Number,309.0,2022,4
TBQ01C01,Arrivals,20224,2022Q4,IEROS,Rosslare,Number,469.0,2022,4
TBQ01C01,Arrivals,20224,2022Q4,IEWAT,Waterford,Number,101.0,2022,4
TBQ01C01,Arrivals,20231,2023Q1,IEMIP,All Main Irish Ports,Number,2612.0,2023,1
TBQ01C01,Arrivals,20231,2023Q1,IEDUB,Dublin,Number,1647.0,2023,1
TBQ01C01,Arrivals,20231,2023Q1,IEFOV,Shannon Foynes,Number,87.0,2023,1
TBQ01C01,Arrivals,20231,2023Q1,IEORK,Cork,Number,286.0,2023,1
TBQ01C01,Arrivals,20231,2023Q1,IEROS,Rosslare,Number,448.0,2023,1
TBQ01C01,Arrivals,20231,2023Q1,IEWAT,Waterford,Number,94.0,2023,1
TBQ01C01,Arrivals,20232,2023Q2,IEMIP,All Main Irish Ports,Number,3036.0,2023,2
TBQ01C01,Arrivals,20232,2023Q2,IEDUB,Dublin,Number,1891.0,2023,2
TBQ01C01,Arrivals,20232,2023Q2,IEFOV,Shannon Foynes,Number,102.0,2023,2
TBQ01C01,Arrivals,20232,2023Q2,IEORK,Cork,Number,392.0,2023,2
TBQ01C01,Arrivals,20232,2023Q2,IEROS,Rosslare,Number,482.0,2023,2
TBQ01C01,Arrivals,20232,2023Q2,IEWAT,Waterford,Number,124.0,2023,2
TBQ01C01,Arrivals,20233,2023Q3,IEMIP,All Main Irish Ports,Number,3130.0,2023,3
TBQ01C01,Arrivals,20233,2023Q3,IEDUB,Dublin,Number,1898.0,2023,3
TBQ01C01,Arrivals,20233,2023Q3,IEFOV,Shannon Foynes,Number,112.0,2023,3
TBQ01C01,Arrivals,20233,2023Q3,IEORK,Cork,Number,395.0,2023,3
TBQ01C01,Arrivals,20233,2023Q3,IEROS,Rosslare,Number,569.0,2023,3
TBQ01C01,Arrivals,20233,2023Q3,IEWAT,Waterford,Number,111.0,2023,3
TBQ01C01,Arrivals,20234,2023Q4,IEMIP,All Main Irish Ports,Number,2726.0,2023,4
TBQ01C01,Arrivals,20234,2023Q4,IEDUB,Dublin,Number,1667.0,2023,4
TBQ01C01,Arrivals,20234,2023Q4,IEFOV,Shannon Foynes,Number,107.0,2023,4
TBQ01C01,Arrivals,20234,2023Q4,IEORK,Cork,Number,299.0,2023,4
TBQ01C01,Arrivals,20234,2023Q4,IEROS,Rosslare,Number,504.0,2023,4
TBQ01C01,Arrivals,20234,2023Q4,IEWAT,Waterford,Number,93.0,2023,4
TBQ01C01,Arrivals,20241,2024Q1,IEMIP,All Main Irish Ports,Number,2488.0,2024,1
TBQ01C01,Arrivals,20241,2024Q1,IEDUB,Dublin,Number,1526.0,2024,1
TBQ01C01,Arrivals,20241,2024Q1,IEFOV,Shannon Foynes,Number,126.0,2024,1
TBQ01C01,Arrivals,20241,2024Q1,IEORK,Cork,Number,302.0,2024,1
TBQ01C01,Arrivals,20241,2024Q1,IEROS,Rosslare,Number,369.0,2024,1
TBQ01C01,Arrivals,20241,2024Q1,IEWAT,Waterford,Number,106.0,2024,1
TBQ01C01,Arrivals,20242,2024Q2,IEMIP,All Main Irish Ports,Number,2958.0,2024,2
TBQ01C01,Arrivals,20242,2024Q2,IEDUB,Dublin,Number,1790.0,2024,2
TBQ01C01,Arrivals,20242,2024Q2,IEFOV,Shannon Foynes,Number,124.0,2024,2
TBQ01C01,Arrivals,20242,2024Q2,IEORK,Cork,Number,399.0,2024,2
TBQ01C01,Arrivals,20242,2024Q2,IEROS,Rosslare,Number,466.0,2024,2
TBQ01C01,Arrivals,20242,2024Q2,IEWAT,Waterford,Number,122.0,2024,2
TBQ01C01,Arrivals,20243,2024Q3,IEMIP,All Main Irish Ports,Number,3177.0,2024,3
TBQ01C01,Arrivals,20243,2024Q3,IEDUB,Dublin,Number,1920.0,2024,3
TBQ01C01,Arrivals,20243,2024Q3,IEFOV,Shannon Foynes,Number,108.0,2024,3
TBQ01C01,Arrivals,20243,2024Q3,IEORK,Cork,Number,380.0,2024,3
TBQ01C01,Arrivals,20243,2024Q3,IEROS,Rosslare,Number,596.0,2024,3
TBQ01C01,Arrivals,20243,2024Q3,IEWAT,Waterford,Number,128.0,2024,3
TBQ01C01,Arrivals,20244,2024Q4,IEMIP,All Main Irish Ports,Number,2611.0,2024,4
TBQ01C01,Arrivals,20244,2024Q4,IEDUB,Dublin,Number,1524.0,2024,4
TBQ01C01,Arrivals,20244,2024Q4,IEFOV,Shannon Foynes,Number,98.0,2024,4
TBQ01C01,Arrivals,20244,2024Q4,IEORK,Cork,Number,278.0,2024,4
TBQ01C01,Arrivals,20244,2024Q4,IEROS,Rosslare,Number,529.0,2024,4
TBQ01C01,Arrivals,20244,2024Q4,IEWAT,Waterford,Number,119.0,2024,4
TBQ01C01,Arrivals,20251,2025Q1,IEMIP,All Main Irish Ports,Number,2557.0,2025,1
TBQ01C01,Arrivals,20251,2025Q1,IEDUB,Dublin,Number,1478.0,2025,1
TBQ01C01,Arrivals,20251,2025Q1,IEFOV,Shannon Foynes,Number,113.0,2025,1
TBQ01C01,Arrivals,20251,2025Q1,IEORK,Cork,Number,269.0,2025,1
TBQ01C01,Arrivals,20251,2025Q1,IEROS,Rosslare,Number,471.0,2025,1
TBQ01C01,Arrivals,20251,2025Q1,IEWAT,Waterford,Number,118.0,2025,1
TBQ01C01,Arrivals,20252,2025Q2,IEMIP,All Main Irish Ports,Number,3133.0,2025,2
TBQ01C01,Arrivals,20252,2025Q2,IEDUB,Dublin,Number,1835.0,2025,2
TBQ01C01,Arrivals,20252,2025Q2,IEFOV,Shannon Foynes,Number,126.0,2025,2
TBQ01C01,Arrivals,20252,2025Q2,IEORK,Cork,Number,356.0,2025,2
TBQ01C01,Arrivals,20252,2025Q2,IEROS,Rosslare,Number,569.0,2025,2
TBQ01C01,Arrivals,20252,2025Q2,IEWAT,Waterford,Number,141.0,2025,2
TBQ01C01,Arrivals,20253,2025Q3,IEMIP,All Main Irish Ports,Number,3064.0,2025,3
TBQ01C01,Arrivals,20253,2025Q3,IEDUB,Dublin,Number,1811.0,2025,3
TBQ01C01,Arrivals,20253,2025Q3,IEFOV,Shannon Foynes,Number,108.0,2025,3
TBQ01C01,Arrivals,20253,2025Q3,IEORK,Cork,Number,361.0,2025,3
TBQ01C01,Arrivals,20253,2025Q3,IEROS,Rosslare,Number,565.0,2025,3
TBQ01C01,Arrivals,20253,2025Q3,IEWAT,Waterford,Number,118.0,2025,3
TBQ01C01,Arrivals,20254,2025Q4,IEMIP,All Main Irish Ports,Number,2646.0,2025,4
TBQ01C01,Arrivals,20254,2025Q4,IEDUB,Dublin,Number,1559.0,2025,4
TBQ01C01,Arrivals,20254,2025Q4,IEFOV,Shannon Foynes,Number,115.0,2025,4
TBQ01C01,Arrivals,20254,2025Q4,IEORK,Cork,Number,279.0,2025,4
TBQ01C01,Arrivals,20254,2025Q4,IEROS,Rosslare,Number,470.0,2025,4
TBQ01C01,Arrivals,20254,2025Q4,IEWAT,Waterford,Number,114.0,2025,4
TBQ01C01,Arrivals,20261,2026Q1,IEMIP,All Main Irish Ports,Number,2499.0,2026,1
TBQ01C01,Arrivals,20261,2026Q1,IEDUB,Dublin,Number,1523.0,2026,1
TBQ01C01,Arrivals,20261,2026Q1,IEFOV,Shannon Foynes,Number,106.0,2026,1
TBQ01C01,Arrivals,20261,2026Q1,IEORK,Cork,Number,280.0,2026,1
TBQ01C01,Arrivals,20261,2026Q1,IEROS,Rosslare,Number,386.0,2026,1
TBQ01C01,Arrivals,20261,2026Q1,IEWAT,Waterford,Number,111.0,2026,1
TBQ01C02,Gross Tonnage of Vessel,20171,2017Q1,IEMIP,All Main Irish Ports,000 Tonnes,56305.0,2017,1
TBQ01C02,Gross Tonnage of Vessel,20171,2017Q1,IEDUB,Dublin,000 Tonnes,41660.0,2017,1
TBQ01C02,Gross Tonnage of Vessel,20171,2017Q1,IEFOV,Shannon Foynes,000 Tonnes,2251.0,2017,1
TBQ01C02,Gross Tonnage of Vessel,20171,2017Q1,IEORK,Cork,000 Tonnes,3457.0,2017,1
TBQ01C02,Gross Tonnage of Vessel,20171,2017Q1,IEROS,Rosslare,000 Tonnes,7947.0,2017,1
TBQ01C02,Gross Tonnage of Vessel,20171,2017Q1,IEWAT,Waterford,000 Tonnes,605.0,2017,1
TBQ01C02,Gross Tonnage of Vessel,20172,2017Q2,IEMIP,All Main Irish Ports,000 Tonnes,62661.0,2017,2
TBQ01C02,Gross Tonnage of Vessel,20172,2017Q2,IEDUB,Dublin,000 Tonnes,45266.0,2017,2
TBQ01C02,Gross Tonnage of Vessel,20172,2017Q2,IEFOV,Shannon Foynes,000 Tonnes,1578.0,2017,2
TBQ01C02,Gross Tonnage of Vessel,20172,2017Q2,IEORK,Cork,000 Tonnes,5460.0,2017,2
TBQ01C02,Gross Tonnage of Vessel,20172,2017Q2,IEROS,Rosslare,000 Tonnes,9178.0,2017,2
TBQ01C02,Gross Tonnage of Vessel,20172,2017Q2,IEWAT,Waterford,000 Tonnes,685.0,2017,2
TBQ01C02,Gross Tonnage of Vessel,20173,2017Q3,IEMIP,All Main Irish Ports,000 Tonnes,64567.0,2017,3
TBQ01C02,Gross Tonnage of Vessel,20173,2017Q3,IEDUB,Dublin,000 Tonnes,46867.0,2017,3
TBQ01C02,Gross Tonnage of Vessel,20173,2017Q3,IEFOV,Shannon Foynes,000 Tonnes,1435.0,2017,3
TBQ01C02,Gross Tonnage of Vessel,20173,2017Q3,IEORK,Cork,000 Tonnes,5941.0,2017,3
TBQ01C02,Gross Tonnage of Vessel,20173,2017Q3,IEROS,Rosslare,000 Tonnes,9153.0,2017,3
TBQ01C02,Gross Tonnage of Vessel,20173,2017Q3,IEWAT,Waterford,000 Tonnes,682.0,2017,3
TBQ01C02,Gross Tonnage of Vessel,20174,2017Q4,IEMIP,All Main Irish Ports,000 Tonnes,56734.0,2017,4
TBQ01C02,Gross Tonnage of Vessel,20174,2017Q4,IEDUB,Dublin,000 Tonnes,42056.0,2017,4
TBQ01C02,Gross Tonnage of Vessel,20174,2017Q4,IEFOV,Shannon Foynes,000 Tonnes,1759.0,2017,4
TBQ01C02,Gross Tonnage of Vessel,20174,2017Q4,IEORK,Cork,000 Tonnes,3504.0,2017,4
TBQ01C02,Gross Tonnage of Vessel,20174,2017Q4,IEROS,Rosslare,000 Tonnes,8374.0,2017,4
TBQ01C02,Gross Tonnage of Vessel,20174,2017Q4,IEWAT,Waterford,000 Tonnes,531.0,2017,4
TBQ01C02,Gross Tonnage of Vessel,20181,2018Q1,IEMIP,All Main Irish Ports,000 Tonnes,56649.0,2018,1
TBQ01C02,Gross Tonnage of Vessel,20181,2018Q1,IEDUB,Dublin,000 Tonnes,40879.0,2018,1
TBQ01C02,Gross Tonnage of Vessel,20181,2018Q1,IEFOV,Shannon Foynes,000 Tonnes,1753.0,2018,1
TBQ01C02,Gross Tonnage of Vessel,20181,2018Q1,IEORK,Cork,000 Tonnes,3398.0,2018,1
TBQ01C02,Gross Tonnage of Vessel,20181,2018Q1,IEROS,Rosslare,000 Tonnes,9691.0,2018,1
TBQ01C02,Gross Tonnage of Vessel,20181,2018Q1,IEWAT,Waterford,000 Tonnes,537.0,2018,1
TBQ01C02,Gross Tonnage of Vessel,20182,2018Q2,IEMIP,All Main Irish Ports,000 Tonnes,70837.0,2018,2
TBQ01C02,Gross Tonnage of Vessel,20182,2018Q2,IEDUB,Dublin,000 Tonnes,47034.0,2018,2
TBQ01C02,Gross Tonnage of Vessel,20182,2018Q2,IEFOV,Shannon Foynes,000 Tonnes,1685.0,2018,2
TBQ01C02,Gross Tonnage of Vessel,20182,2018Q2,IEORK,Cork,000 Tonnes,7813.0,2018,2
TBQ01C02,Gross Tonnage of Vessel,20182,2018Q2,IEROS,Rosslare,000 Tonnes,12774.0,2018,2
TBQ01C02,Gross Tonnage of Vessel,20182,2018Q2,IEWAT,Waterford,000 Tonnes,888.0,2018,2
TBQ01C02,Gross Tonnage of Vessel,20183,2018Q3,IEMIP,All Main Irish Ports,000 Tonnes,70957.0,2018,3
TBQ01C02,Gross Tonnage of Vessel,20183,2018Q3,IEDUB,Dublin,000 Tonnes,46636.0,2018,3
TBQ01C02,Gross Tonnage of Vessel,20183,2018Q3,IEFOV,Shannon Foynes,000 Tonnes,1693.0,2018,3
TBQ01C02,Gross Tonnage of Vessel,20183,2018Q3,IEORK,Cork,000 Tonnes,8092.0,2018,3
TBQ01C02,Gross Tonnage of Vessel,20183,2018Q3,IEROS,Rosslare,000 Tonnes,12864.0,2018,3
TBQ01C02,Gross Tonnage of Vessel,20183,2018Q3,IEWAT,Waterford,000 Tonnes,1110.0,2018,3
TBQ01C02,Gross Tonnage of Vessel,20184,2018Q4,IEMIP,All Main Irish Ports,000 Tonnes,62452.0,2018,4
TBQ01C02,Gross Tonnage of Vessel,20184,2018Q4,IEDUB,Dublin,000 Tonnes,44186.0,2018,4
TBQ01C02,Gross Tonnage of Vessel,20184,2018Q4,IEFOV,Shannon Foynes,000 Tonnes,1638.0,2018,4
TBQ01C02,Gross Tonnage of Vessel,20184,2018Q4,IEORK,Cork,000 Tonnes,5057.0,2018,4
TBQ01C02,Gross Tonnage of Vessel,20184,2018Q4,IEROS,Rosslare,000 Tonnes,10508.0,2018,4
TBQ01C02,Gross Tonnage of Vessel,20184,2018Q4,IEWAT,Waterford,000 Tonnes,649.0,2018,4
TBQ01C02,Gross Tonnage of Vessel,20191,2019Q1,IEMIP,All Main Irish Ports,000 Tonnes,59474.0,2019,1
TBQ01C02,Gross Tonnage of Vessel,20191,2019Q1,IEDUB,Dublin,000 Tonnes,45787.0,2019,1
TBQ01C02,Gross Tonnage of Vessel,20191,2019Q1,IEFOV,Shannon Foynes,000 Tonnes,1631.0,2019,1
TBQ01C02,Gross Tonnage of Vessel,20191,2019Q1,IEORK,Cork,000 Tonnes,3954.0,2019,1
TBQ01C02,Gross Tonnage of Vessel,20191,2019Q1,IEROS,Rosslare,000 Tonnes,6869.0,2019,1
TBQ01C02,Gross Tonnage of Vessel,20191,2019Q1,IEWAT,Waterford,000 Tonnes,663.0,2019,1
TBQ01C02,Gross Tonnage of Vessel,20192,2019Q2,IEMIP,All Main Irish Ports,000 Tonnes,68503.0,2019,2
TBQ01C02,Gross Tonnage of Vessel,20192,2019Q2,IEDUB,Dublin,000 Tonnes,50261.0,2019,2
TBQ01C02,Gross Tonnage of Vessel,20192,2019Q2,IEFOV,Shannon Foynes,000 Tonnes,1549.0,2019,2
TBQ01C02,Gross Tonnage of Vessel,20192,2019Q2,IEORK,Cork,000 Tonnes,7871.0,2019,2
TBQ01C02,Gross Tonnage of Vessel,20192,2019Q2,IEROS,Rosslare,000 Tonnes,7709.0,2019,2
TBQ01C02,Gross Tonnage of Vessel,20192,2019Q2,IEWAT,Waterford,000 Tonnes,645.0,2019,2
TBQ01C02,Gross Tonnage of Vessel,20193,2019Q3,IEMIP,All Main Irish Ports,000 Tonnes,74417.0,2019,3
TBQ01C02,Gross Tonnage of Vessel,20193,2019Q3,IEDUB,Dublin,000 Tonnes,51751.0,2019,3
TBQ01C02,Gross Tonnage of Vessel,20193,2019Q3,IEFOV,Shannon Foynes,000 Tonnes,1592.0,2019,3
TBQ01C02,Gross Tonnage of Vessel,20193,2019Q3,IEORK,Cork,000 Tonnes,8324.0,2019,3
TBQ01C02,Gross Tonnage of Vessel,20193,2019Q3,IEROS,Rosslare,000 Tonnes,11329.0,2019,3
TBQ01C02,Gross Tonnage of Vessel,20193,2019Q3,IEWAT,Waterford,000 Tonnes,957.0,2019,3
TBQ01C02,Gross Tonnage of Vessel,20194,2019Q4,IEMIP,All Main Irish Ports,000 Tonnes,65581.0,2019,4
TBQ01C02,Gross Tonnage of Vessel,20194,2019Q4,IEDUB,Dublin,000 Tonnes,48068.0,2019,4
TBQ01C02,Gross Tonnage of Vessel,20194,2019Q4,IEFOV,Shannon Foynes,000 Tonnes,1451.0,2019,4
TBQ01C02,Gross Tonnage of Vessel,20194,2019Q4,IEORK,Cork,000 Tonnes,4719.0,2019,4
TBQ01C02,Gross Tonnage of Vessel,20194,2019Q4,IEROS,Rosslare,000 Tonnes,10041.0,2019,4
TBQ01C02,Gross Tonnage of Vessel,20194,2019Q4,IEWAT,Waterford,000 Tonnes,695.0,2019,4
TBQ01C02,Gross Tonnage of Vessel,20201,2020Q1,IEMIP,All Main Irish Ports,000 Tonnes,59329.0,2020,1
TBQ01C02,Gross Tonnage of Vessel,20201,2020Q1,IEDUB,Dublin,000 Tonnes,44787.0,2020,1
TBQ01C02,Gross Tonnage of Vessel,20201,2020Q1,IEFOV,Shannon Foynes,000 Tonnes,1407.0,2020,1
TBQ01C02,Gross Tonnage of Vessel,20201,2020Q1,IEORK,Cork,000 Tonnes,3639.0,2020,1
TBQ01C02,Gross Tonnage of Vessel,20201,2020Q1,IEROS,Rosslare,000 Tonnes,8337.0,2020,1
TBQ01C02,Gross Tonnage of Vessel,20201,2020Q1,IEWAT,Waterford,000 Tonnes,586.0,2020,1
TBQ01C02,Gross Tonnage of Vessel,20202,2020Q2,IEMIP,All Main Irish Ports,000 Tonnes,61405.0,2020,2
TBQ01C02,Gross Tonnage of Vessel,20202,2020Q2,IEDUB,Dublin,000 Tonnes,45414.0,2020,2
TBQ01C02,Gross Tonnage of Vessel,20202,2020Q2,IEFOV,Shannon Foynes,000 Tonnes,1354.0,2020,2
TBQ01C02,Gross Tonnage of Vessel,20202,2020Q2,IEORK,Cork,000 Tonnes,2940.0,2020,2
TBQ01C02,Gross Tonnage of Vessel,20202,2020Q2,IEROS,Rosslare,000 Tonnes,10449.0,2020,2
TBQ01C02,Gross Tonnage of Vessel,20202,2020Q2,IEWAT,Waterford,000 Tonnes,568.0,2020,2
TBQ01C02,Gross Tonnage of Vessel,20203,2020Q3,IEMIP,All Main Irish Ports,000 Tonnes,64381.0,2020,3
TBQ01C02,Gross Tonnage of Vessel,20203,2020Q3,IEDUB,Dublin,000 Tonnes,46652.0,2020,3
TBQ01C02,Gross Tonnage of Vessel,20203,2020Q3,IEFOV,Shannon Foynes,000 Tonnes,1394.0,2020,3
TBQ01C02,Gross Tonnage of Vessel,20203,2020Q3,IEORK,Cork,000 Tonnes,4226.0,2020,3
TBQ01C02,Gross Tonnage of Vessel,20203,2020Q3,IEROS,Rosslare,000 Tonnes,10918.0,2020,3
TBQ01C02,Gross Tonnage of Vessel,20203,2020Q3,IEWAT,Waterford,000 Tonnes,608.0,2020,3
TBQ01C02,Gross Tonnage of Vessel,20204,2020Q4,IEMIP,All Main Irish Ports,000 Tonnes,67201.0,2020,4
TBQ01C02,Gross Tonnage of Vessel,20204,2020Q4,IEDUB,Dublin,000 Tonnes,50549.0,2020,4
TBQ01C02,Gross Tonnage of Vessel,20204,2020Q4,IEFOV,Shannon Foynes,000 Tonnes,1607.0,2020,4
TBQ01C02,Gross Tonnage of Vessel,20204,2020Q4,IEORK,Cork,000 Tonnes,4042.0,2020,4
TBQ01C02,Gross Tonnage of Vessel,20204,2020Q4,IEROS,Rosslare,000 Tonnes,10011.0,2020,4
TBQ01C02,Gross Tonnage of Vessel,20204,2020Q4,IEWAT,Waterford,000 Tonnes,614.0,2020,4
TBQ01C02,Gross Tonnage of Vessel,20211,2021Q1,IEMIP,All Main Irish Ports,000 Tonnes,62349.0,2021,1
TBQ01C02,Gross Tonnage of Vessel,20211,2021Q1,IEDUB,Dublin,000 Tonnes,43403.0,2021,1
TBQ01C02,Gross Tonnage of Vessel,20211,2021Q1,IEFOV,Shannon Foynes,000 Tonnes,1559.0,2021,1
TBQ01C02,Gross Tonnage of Vessel,20211,2021Q1,IEORK,Cork,000 Tonnes,4749.0,2021,1
TBQ01C02,Gross Tonnage of Vessel,20211,2021Q1,IEROS,Rosslare,000 Tonnes,11626.0,2021,1
TBQ01C02,Gross Tonnage of Vessel,20211,2021Q1,IEWAT,Waterford,000 Tonnes,641.0,2021,1
TBQ01C02,Gross Tonnage of Vessel,20212,2021Q2,IEMIP,All Main Irish Ports,000 Tonnes,66112.0,2021,2
TBQ01C02,Gross Tonnage of Vessel,20212,2021Q2,IEDUB,Dublin,000 Tonnes,46643.0,2021,2
TBQ01C02,Gross Tonnage of Vessel,20212,2021Q2,IEFOV,Shannon Foynes,000 Tonnes,1549.0,2021,2
TBQ01C02,Gross Tonnage of Vessel,20212,2021Q2,IEORK,Cork,000 Tonnes,5433.0,2021,2
TBQ01C02,Gross Tonnage of Vessel,20212,2021Q2,IEROS,Rosslare,000 Tonnes,11537.0,2021,2
TBQ01C02,Gross Tonnage of Vessel,20212,2021Q2,IEWAT,Waterford,000 Tonnes,609.0,2021,2
TBQ01C02,Gross Tonnage of Vessel,20213,2021Q3,IEMIP,All Main Irish Ports,000 Tonnes,72787.0,2021,3
TBQ01C02,Gross Tonnage of Vessel,20213,2021Q3,IEDUB,Dublin,000 Tonnes,49465.0,2021,3
TBQ01C02,Gross Tonnage of Vessel,20213,2021Q3,IEFOV,Shannon Foynes,000 Tonnes,1594.0,2021,3
TBQ01C02,Gross Tonnage of Vessel,20213,2021Q3,IEORK,Cork,000 Tonnes,7080.0,2021,3
TBQ01C02,Gross Tonnage of Vessel,20213,2021Q3,IEROS,Rosslare,000 Tonnes,13587.0,2021,3
TBQ01C02,Gross Tonnage of Vessel,20213,2021Q3,IEWAT,Waterford,000 Tonnes,583.0,2021,3
TBQ01C02,Gross Tonnage of Vessel,20214,2021Q4,IEMIP,All Main Irish Ports,000 Tonnes,66010.0,2021,4
TBQ01C02,Gross Tonnage of Vessel,20214,2021Q4,IEDUB,Dublin,000 Tonnes,46179.0,2021,4
TBQ01C02,Gross Tonnage of Vessel,20214,2021Q4,IEFOV,Shannon Foynes,000 Tonnes,2007.0,2021,4
TBQ01C02,Gross Tonnage of Vessel,20214,2021Q4,IEORK,Cork,000 Tonnes,4980.0,2021,4
TBQ01C02,Gross Tonnage of Vessel,20214,2021Q4,IEROS,Rosslare,000 Tonnes,11952.0,2021,4
TBQ01C02,Gross Tonnage of Vessel,20214,2021Q4,IEWAT,Waterford,000 Tonnes,626.0,2021,4
TBQ01C02,Gross Tonnage of Vessel,20221,2022Q1,IEMIP,All Main Irish Ports,000 Tonnes,62055.0,2022,1
TBQ01C02,Gross Tonnage of Vessel,20221,2022Q1,IEDUB,Dublin,000 Tonnes,44155.0,2022,1
TBQ01C02,Gross Tonnage of Vessel,20221,2022Q1,IEFOV,Shannon Foynes,000 Tonnes,1741.0,2022,1
TBQ01C02,Gross Tonnage of Vessel,20221,2022Q1,IEORK,Cork,000 Tonnes,4769.0,2022,1
TBQ01C02,Gross Tonnage of Vessel,20221,2022Q1,IEROS,Rosslare,000 Tonnes,10585.0,2022,1
TBQ01C02,Gross Tonnage of Vessel,20221,2022Q1,IEWAT,Waterford,000 Tonnes,593.0,2022,1
TBQ01C02,Gross Tonnage of Vessel,20222,2022Q2,IEMIP,All Main Irish Ports,000 Tonnes,71987.0,2022,2
TBQ01C02,Gross Tonnage of Vessel,20222,2022Q2,IEDUB,Dublin,000 Tonnes,48236.0,2022,2
TBQ01C02,Gross Tonnage of Vessel,20222,2022Q2,IEFOV,Shannon Foynes,000 Tonnes,2955.0,2022,2
TBQ01C02,Gross Tonnage of Vessel,20222,2022Q2,IEORK,Cork,000 Tonnes,8551.0,2022,2
TBQ01C02,Gross Tonnage of Vessel,20222,2022Q2,IEROS,Rosslare,000 Tonnes,10757.0,2022,2
TBQ01C02,Gross Tonnage of Vessel,20222,2022Q2,IEWAT,Waterford,000 Tonnes,1180.0,2022,2
TBQ01C02,Gross Tonnage of Vessel,20223,2022Q3,IEMIP,All Main Irish Ports,000 Tonnes,78814.0,2022,3
TBQ01C02,Gross Tonnage of Vessel,20223,2022Q3,IEDUB,Dublin,000 Tonnes,49597.0,2022,3
TBQ01C02,Gross Tonnage of Vessel,20223,2022Q3,IEFOV,Shannon Foynes,000 Tonnes,1374.0,2022,3
TBQ01C02,Gross Tonnage of Vessel,20223,2022Q3,IEORK,Cork,000 Tonnes,9258.0,2022,3
TBQ01C02,Gross Tonnage of Vessel,20223,2022Q3,IEROS,Rosslare,000 Tonnes,17046.0,2022,3
TBQ01C02,Gross Tonnage of Vessel,20223,2022Q3,IEWAT,Waterford,000 Tonnes,1338.0,2022,3
TBQ01C02,Gross Tonnage of Vessel,20224,2022Q4,IEMIP,All Main Irish Ports,000 Tonnes,67152.0,2022,4
TBQ01C02,Gross Tonnage of Vessel,20224,2022Q4,IEDUB,Dublin,000 Tonnes,46028.0,2022,4
TBQ01C02,Gross Tonnage of Vessel,20224,2022Q4,IEFOV,Shannon Foynes,000 Tonnes,1599.0,2022,4
TBQ01C02,Gross Tonnage of Vessel,20224,2022Q4,IEORK,Cork,000 Tonnes,4758.0,2022,4
TBQ01C02,Gross Tonnage of Vessel,20224,2022Q4,IEROS,Rosslare,000 Tonnes,13725.0,2022,4
TBQ01C02,Gross Tonnage of Vessel,20224,2022Q4,IEWAT,Waterford,000 Tonnes,634.0,2022,4
TBQ01C02,Gross Tonnage of Vessel,20231,2023Q1,IEMIP,All Main Irish Ports,000 Tonnes,63435.0,2023,1
TBQ01C02,Gross Tonnage of Vessel,20231,2023Q1,IEDUB,Dublin,000 Tonnes,43780.0,2023,1
TBQ01C02,Gross Tonnage of Vessel,20231,2023Q1,IEFOV,Shannon Foynes,000 Tonnes,1296.0,2023,1
TBQ01C02,Gross Tonnage of Vessel,20231,2023Q1,IEORK,Cork,000 Tonnes,4269.0,2023,1
TBQ01C02,Gross Tonnage of Vessel,20231,2023Q1,IEROS,Rosslare,000 Tonnes,13307.0,2023,1
TBQ01C02,Gross Tonnage of Vessel,20231,2023Q1,IEWAT,Waterford,000 Tonnes,537.0,2023,1
TBQ01C02,Gross Tonnage of Vessel,20232,2023Q2,IEMIP,All Main Irish Ports,000 Tonnes,72493.0,2023,2
TBQ01C02,Gross Tonnage of Vessel,20232,2023Q2,IEDUB,Dublin,000 Tonnes,47011.0,2023,2
TBQ01C02,Gross Tonnage of Vessel,20232,2023Q2,IEFOV,Shannon Foynes,000 Tonnes,1363.0,2023,2
TBQ01C02,Gross Tonnage of Vessel,20232,2023Q2,IEORK,Cork,000 Tonnes,8553.0,2023,2
TBQ01C02,Gross Tonnage of Vessel,20232,2023Q2,IEROS,Rosslare,000 Tonnes,14182.0,2023,2
TBQ01C02,Gross Tonnage of Vessel,20232,2023Q2,IEWAT,Waterford,000 Tonnes,1068.0,2023,2
TBQ01C02,Gross Tonnage of Vessel,20233,2023Q3,IEMIP,All Main Irish Ports,000 Tonnes,76754.0,2023,3
TBQ01C02,Gross Tonnage of Vessel,20233,2023Q3,IEDUB,Dublin,000 Tonnes,47528.0,2023,3
TBQ01C02,Gross Tonnage of Vessel,20233,2023Q3,IEFOV,Shannon Foynes,000 Tonnes,1294.0,2023,3
TBQ01C02,Gross Tonnage of Vessel,20233,2023Q3,IEORK,Cork,000 Tonnes,9804.0,2023,3
TBQ01C02,Gross Tonnage of Vessel,20233,2023Q3,IEROS,Rosslare,000 Tonnes,16884.0,2023,3
TBQ01C02,Gross Tonnage of Vessel,20233,2023Q3,IEWAT,Waterford,000 Tonnes,981.0,2023,3
TBQ01C02,Gross Tonnage of Vessel,20234,2023Q4,IEMIP,All Main Irish Ports,000 Tonnes,66604.0,2023,4
TBQ01C02,Gross Tonnage of Vessel,20234,2023Q4,IEDUB,Dublin,000 Tonnes,44072.0,2023,4
TBQ01C02,Gross Tonnage of Vessel,20234,2023Q4,IEFOV,Shannon Foynes,000 Tonnes,1285.0,2023,4
TBQ01C02,Gross Tonnage of Vessel,20234,2023Q4,IEORK,Cork,000 Tonnes,5201.0,2023,4
TBQ01C02,Gross Tonnage of Vessel,20234,2023Q4,IEROS,Rosslare,000 Tonnes,14995.0,2023,4
TBQ01C02,Gross Tonnage of Vessel,20234,2023Q4,IEWAT,Waterford,000 Tonnes,537.0,2023,4
TBQ01C02,Gross Tonnage of Vessel,20241,2024Q1,IEMIP,All Main Irish Ports,000 Tonnes,58865.0,2024,1
TBQ01C02,Gross Tonnage of Vessel,20241,2024Q1,IEDUB,Dublin,000 Tonnes,41065.0,2024,1
TBQ01C02,Gross Tonnage of Vessel,20241,2024Q1,IEFOV,Shannon Foynes,000 Tonnes,1539.0,2024,1
TBQ01C02,Gross Tonnage of Vessel,20241,2024Q1,IEORK,Cork,000 Tonnes,4452.0,2024,1
TBQ01C02,Gross Tonnage of Vessel,20241,2024Q1,IEROS,Rosslare,000 Tonnes,10861.0,2024,1
TBQ01C02,Gross Tonnage of Vessel,20241,2024Q1,IEWAT,Waterford,000 Tonnes,598.0,2024,1
TBQ01C02,Gross Tonnage of Vessel,20242,2024Q2,IEMIP,All Main Irish Ports,000 Tonnes,72587.0,2024,2
TBQ01C02,Gross Tonnage of Vessel,20242,2024Q2,IEDUB,Dublin,000 Tonnes,48087.0,2024,2
TBQ01C02,Gross Tonnage of Vessel,20242,2024Q2,IEFOV,Shannon Foynes,000 Tonnes,1454.0,2024,2
TBQ01C02,Gross Tonnage of Vessel,20242,2024Q2,IEORK,Cork,000 Tonnes,8332.0,2024,2
TBQ01C02,Gross Tonnage of Vessel,20242,2024Q2,IEROS,Rosslare,000 Tonnes,13465.0,2024,2
TBQ01C02,Gross Tonnage of Vessel,20242,2024Q2,IEWAT,Waterford,000 Tonnes,854.0,2024,2
TBQ01C02,Gross Tonnage of Vessel,20243,2024Q3,IEMIP,All Main Irish Ports,000 Tonnes,80295.0,2024,3
TBQ01C02,Gross Tonnage of Vessel,20243,2024Q3,IEDUB,Dublin,000 Tonnes,50943.0,2024,3
TBQ01C02,Gross Tonnage of Vessel,20243,2024Q3,IEFOV,Shannon Foynes,000 Tonnes,1421.0,2024,3
TBQ01C02,Gross Tonnage of Vessel,20243,2024Q3,IEORK,Cork,000 Tonnes,9301.0,2024,3
TBQ01C02,Gross Tonnage of Vessel,20243,2024Q3,IEROS,Rosslare,000 Tonnes,17470.0,2024,3
TBQ01C02,Gross Tonnage of Vessel,20243,2024Q3,IEWAT,Waterford,000 Tonnes,1034.0,2024,3
TBQ01C02,Gross Tonnage of Vessel,20244,2024Q4,IEMIP,All Main Irish Ports,000 Tonnes,63562.0,2024,4
TBQ01C02,Gross Tonnage of Vessel,20244,2024Q4,IEDUB,Dublin,000 Tonnes,41312.0,2024,4
TBQ01C02,Gross Tonnage of Vessel,20244,2024Q4,IEFOV,Shannon Foynes,000 Tonnes,1683.0,2024,4
TBQ01C02,Gross Tonnage of Vessel,20244,2024Q4,IEORK,Cork,000 Tonnes,4522.0,2024,4
TBQ01C02,Gross Tonnage of Vessel,20244,2024Q4,IEROS,Rosslare,000 Tonnes,15215.0,2024,4
TBQ01C02,Gross Tonnage of Vessel,20244,2024Q4,IEWAT,Waterford,000 Tonnes,649.0,2024,4
TBQ01C02,Gross Tonnage of Vessel,20251,2025Q1,IEMIP,All Main Irish Ports,000 Tonnes,59905.0,2025,1
TBQ01C02,Gross Tonnage of Vessel,20251,2025Q1,IEDUB,Dublin,000 Tonnes,39973.0,2025,1
TBQ01C02,Gross Tonnage of Vessel,20251,2025Q1,IEFOV,Shannon Foynes,000 Tonnes,1495.0,2025,1
TBQ01C02,Gross Tonnage of Vessel,20251,2025Q1,IEORK,Cork,000 Tonnes,3809.0,2025,1
TBQ01C02,Gross Tonnage of Vessel,20251,2025Q1,IEROS,Rosslare,000 Tonnes,13336.0,2025,1
TBQ01C02,Gross Tonnage of Vessel,20251,2025Q1,IEWAT,Waterford,000 Tonnes,699.0,2025,1
TBQ01C02,Gross Tonnage of Vessel,20252,2025Q2,IEMIP,All Main Irish Ports,000 Tonnes,76742.0,2025,2
TBQ01C02,Gross Tonnage of Vessel,20252,2025Q2,IEDUB,Dublin,000 Tonnes,49918.0,2025,2
TBQ01C02,Gross Tonnage of Vessel,20252,2025Q2,IEFOV,Shannon Foynes,000 Tonnes,1697.0,2025,2
TBQ01C02,Gross Tonnage of Vessel,20252,2025Q2,IEORK,Cork,000 Tonnes,7607.0,2025,2
TBQ01C02,Gross Tonnage of Vessel,20252,2025Q2,IEROS,Rosslare,000 Tonnes,16053.0,2025,2
TBQ01C02,Gross Tonnage of Vessel,20252,2025Q2,IEWAT,Waterford,000 Tonnes,841.0,2025,2
TBQ01C02,Gross Tonnage of Vessel,20253,2025Q3,IEMIP,All Main Irish Ports,000 Tonnes,81132.0,2025,3
TBQ01C02,Gross Tonnage of Vessel,20253,2025Q3,IEDUB,Dublin,000 Tonnes,52642.0,2025,3
TBQ01C02,Gross Tonnage of Vessel,20253,2025Q3,IEFOV,Shannon Foynes,000 Tonnes,1549.0,2025,3
TBQ01C02,Gross Tonnage of Vessel,20253,2025Q3,IEORK,Cork,000 Tonnes,8941.0,2025,3
TBQ01C02,Gross Tonnage of Vessel,20253,2025Q3,IEROS,Rosslare,000 Tonnes,15865.0,2025,3
TBQ01C02,Gross Tonnage of Vessel,20253,2025Q3,IEWAT,Waterford,000 Tonnes,1489.0,2025,3
TBQ01C02,Gross Tonnage of Vessel,20254,2025Q4,IEMIP,All Main Irish Ports,000 Tonnes,66281.0,2025,4
TBQ01C02,Gross Tonnage of Vessel,20254,2025Q4,IEDUB,Dublin,000 Tonnes,46091.0,2025,4
TBQ01C02,Gross Tonnage of Vessel,20254,2025Q4,IEFOV,Shannon Foynes,000 Tonnes,1516.0,2025,4
TBQ01C02,Gross Tonnage of Vessel,20254,2025Q4,IEORK,Cork,000 Tonnes,4566.0,2025,4
TBQ01C02,Gross Tonnage of Vessel,20254,2025Q4,IEROS,Rosslare,000 Tonnes,12823.0,2025,4
TBQ01C02,Gross Tonnage of Vessel,20254,2025Q4,IEWAT,Waterford,000 Tonnes,729.0,2025,4
TBQ01C02,Gross Tonnage of Vessel,20261,2026Q1,IEMIP,All Main Irish Ports,000 Tonnes,60779.0,2026,1
TBQ01C02,Gross Tonnage of Vessel,20261,2026Q1,IEDUB,Dublin,000 Tonnes,43548.0,2026,1
TBQ01C02,Gross Tonnage of Vessel,20261,2026Q1,IEFOV,Shannon Foynes,000 Tonnes,1326.0,2026,1
TBQ01C02,Gross Tonnage of Vessel,20261,2026Q1,IEORK,Cork,000 Tonnes,3976.0,2026,1
TBQ01C02,Gross Tonnage of Vessel,20261,2026Q1,IEROS,Rosslare,000 Tonnes,10733.0,2026,1
TBQ01C02,Gross Tonnage of Vessel,20261,2026Q1,IEWAT,Waterford,000 Tonnes,588.0,2026,1
