year,quarter,quarter_num,port,vessel_arrivals,roro_freight_units,freight_units_per_vessel
2017,2017Q1,1,Cork,3740.0,163861.0,43.8
2017,2017Q2,2,Cork,5812.0,178272.0,30.7
2017,2017Q3,3,Cork,6273.0,169059.0,27.0
2017,2017Q4,4,Cork,3800.0,171040.0,45.0
2018,2018Q1,1,Cork,3695.0,169531.0,45.9
2018,2018Q2,2,Cork,8218.0,182751.0,22.2
2018,2018Q3,3,Cork,8516.0,182696.0,21.5
2018,2018Q4,4,Cork,5418.0,183804.0,33.9
2019,2019Q1,1,Cork,4283.0,177213.0,41.4
2019,2019Q2,2,Cork,8262.0,198637.0,24.0
2019,2019Q3,3,Cork,8731.0,191298.0,21.9
2019,2019Q4,4,Cork,5051.0,184051.0,36.4
2020,2020Q1,1,Cork,3937.0,167965.0,42.7
2020,2020Q2,2,Cork,3209.0,202121.0,63.0
2020,2020Q3,3,Cork,4553.0,205243.0,45.1
2020,2020Q4,4,Cork,4362.0,203163.0,46.6
2021,2021Q1,1,Cork,5103.0,195730.0,38.4
2021,2021Q2,2,Cork,5856.0,231806.0,39.6
2021,2021Q3,3,Cork,7578.0,233180.0,30.8
2021,2021Q4,4,Cork,5340.0,215914.0,40.4
2022,2022Q1,1,Cork,5065.0,217117.0,42.9
2022,2022Q2,2,Cork,8943.0,231692.0,25.9
2022,2022Q3,3,Cork,9651.0,224323.0,23.2
2022,2022Q4,4,Cork,5067.0,203852.0,40.2
2023,2023Q1,1,Cork,4555.0,198283.0,43.5
2023,2023Q2,2,Cork,8945.0,209733.0,23.4
2023,2023Q3,3,Cork,10199.0,204202.0,20.0
2023,2023Q4,4,Cork,5500.0,208420.0,37.9
2024,2024Q1,1,Cork,4754.0,208022.0,43.8
2024,2024Q2,2,Cork,8731.0,217637.0,24.9
2024,2024Q3,3,Cork,9681.0,225942.0,23.3
2024,2024Q4,4,Cork,4800.0,215956.0,45.0
2025,2025Q1,1,Cork,4078.0,218691.0,53.6
2025,2025Q2,2,Cork,7963.0,232731.0,29.2
2025,2025Q3,3,Cork,9302.0,225743.0,24.3
2025,2025Q4,4,Cork,4845.0,231034.0,47.7
2026,2026Q1,1,Cork,4256.0,212288.0,49.9
2017,2017Q1,1,Dublin,43483.0,511146.0,11.8
2017,2017Q2,2,Dublin,47250.0,540848.0,11.4
2017,2017Q3,3,Dublin,48922.0,562053.0,11.5
2017,2017Q4,4,Dublin,43907.0,569782.0,13.0
2018,2018Q1,1,Dublin,42715.0,550521.0,12.9
2018,2018Q2,2,Dublin,49117.0,561951.0,11.4
2018,2018Q3,3,Dublin,48715.0,589530.0,12.1
2018,2018Q4,4,Dublin,46048.0,573545.0,12.5
2019,2019Q1,1,Dublin,47661.0,596429.0,12.5
2019,2019Q2,2,Dublin,52315.0,629387.0,12.0
2019,2019Q3,3,Dublin,53807.0,599820.0,11.1
2019,2019Q4,4,Dublin,49890.0,593331.0,11.9
2020,2020Q1,1,Dublin,46572.0,586606.0,12.6
2020,2020Q2,2,Dublin,47085.0,538769.0,11.4
2020,2020Q3,3,Dublin,48548.0,602798.0,12.4
2020,2020Q4,4,Dublin,52421.0,641130.0,12.2
2021,2021Q1,1,Dublin,45106.0,646728.0,14.3
2021,2021Q2,2,Dublin,48466.0,681541.0,14.1
2021,2021Q3,3,Dublin,51425.0,662976.0,12.9
2021,2021Q4,4,Dublin,47912.0,639162.0,13.3
2022,2022Q1,1,Dublin,45868.0,629787.0,13.7
2022,2022Q2,2,Dublin,50192.0,696913.0,13.9
2022,2022Q3,3,Dublin,51580.0,651585.0,12.6
2022,2022Q4,4,Dublin,47778.0,585678.0,12.3
2023,2023Q1,1,Dublin,45427.0,595674.0,13.1
2023,2023Q2,2,Dublin,48902.0,618754.0,12.7
2023,2023Q3,3,Dublin,49426.0,631962.0,12.8
2023,2023Q4,4,Dublin,45739.0,634431.0,13.9
2024,2024Q1,1,Dublin,42591.0,634486.0,14.9
2024,2024Q2,2,Dublin,49877.0,688706.0,13.8
2024,2024Q3,3,Dublin,52863.0,727729.0,13.8
2024,2024Q4,4,Dublin,42836.0,705237.0,16.5
2025,2025Q1,1,Dublin,41451.0,704071.0,17.0
2025,2025Q2,2,Dublin,51753.0,776441.0,15.0
2025,2025Q3,3,Dublin,54453.0,751181.0,13.8
2025,2025Q4,4,Dublin,47650.0,746429.0,15.7
2026,2026Q1,1,Dublin,45071.0,725854.0,16.1
2017,2017Q1,1,Rosslare,8365.0,,
2017,2017Q2,2,Rosslare,9642.0,,
2017,2017Q3,3,Rosslare,9614.0,,
2017,2017Q4,4,Rosslare,8801.0,,
2018,2018Q1,1,Rosslare,10036.0,,
2018,2018Q2,2,Rosslare,13230.0,,
2018,2018Q3,3,Rosslare,13327.0,,
2018,2018Q4,4,Rosslare,10891.0,,
2019,2019Q1,1,Rosslare,7236.0,,
2019,2019Q2,2,Rosslare,8121.0,,
2019,2019Q3,3,Rosslare,11743.0,,
2019,2019Q4,4,Rosslare,10402.0,,
2020,2020Q1,1,Rosslare,8672.0,,
2020,2020Q2,2,Rosslare,10866.0,,
2020,2020Q3,3,Rosslare,11355.0,,
2020,2020Q4,4,Rosslare,10411.0,,
2021,2021Q1,1,Rosslare,12045.0,,
2021,2021Q2,2,Rosslare,11991.0,,
2021,2021Q3,3,Rosslare,14123.0,,
2021,2021Q4,4,Rosslare,12386.0,,
2022,2022Q1,1,Rosslare,11014.0,,
2022,2022Q2,2,Rosslare,11193.0,,
2022,2022Q3,3,Rosslare,17627.0,,
2022,2022Q4,4,Rosslare,14194.0,,
2023,2023Q1,1,Rosslare,13755.0,,
2023,2023Q2,2,Rosslare,14664.0,,
2023,2023Q3,3,Rosslare,17453.0,,
2023,2023Q4,4,Rosslare,15499.0,,
2024,2024Q1,1,Rosslare,11230.0,,
2024,2024Q2,2,Rosslare,13931.0,,
2024,2024Q3,3,Rosslare,18066.0,,
2024,2024Q4,4,Rosslare,15744.0,,
2025,2025Q1,1,Rosslare,13807.0,,
2025,2025Q2,2,Rosslare,16622.0,,
2025,2025Q3,3,Rosslare,16430.0,,
2025,2025Q4,4,Rosslare,13293.0,,
2026,2026Q1,1,Rosslare,11119.0,,
