"STATISTIC","Statistic Label","TLIST(Q1)","Quarter","C01855V02284","Port","UNIT","VALUE"
"TBQ01C01","Arrivals","20171","2017Q1","IEMIP","All Main Irish Ports","Number","2943"
"TBQ01C01","Arrivals","20171","2017Q1","IEBYT","Bantry Bay","Number","4"
"TBQ01C01","Arrivals","20171","2017Q1","IEDRO","Drogheda","Number","95"
"TBQ01C01","Arrivals","20171","2017Q1","IEDUB","Dublin","Number","1823"
"TBQ01C01","Arrivals","20171","2017Q1","IEFOV","Shannon Foynes","Number","190"
"TBQ01C01","Arrivals","20171","2017Q1","IEGRN","Greenore","Number",""
"TBQ01C01","Arrivals","20171","2017Q1","IEORK","Cork","Number","283"
"TBQ01C01","Arrivals","20171","2017Q1","IEROS","Rosslare","Number","418"
"TBQ01C01","Arrivals","20171","2017Q1","IEWAT","Waterford","Number","130"
"TBQ01C01","Arrivals","20172","2017Q2","IEMIP","All Main Irish Ports","Number","3121"
"TBQ01C01","Arrivals","20172","2017Q2","IEBYT","Bantry Bay","Number","7"
"TBQ01C01","Arrivals","20172","2017Q2","IEDRO","Drogheda","Number","94"
"TBQ01C01","Arrivals","20172","2017Q2","IEDUB","Dublin","Number","1984"
"TBQ01C01","Arrivals","20172","2017Q2","IEFOV","Shannon Foynes","Number","111"
"TBQ01C01","Arrivals","20172","2017Q2","IEGRN","Greenore","Number",""
"TBQ01C01","Arrivals","20172","2017Q2","IEORK","Cork","Number","352"
"TBQ01C01","Arrivals","20172","2017Q2","IEROS","Rosslare","Number","464"
"TBQ01C01","Arrivals","20172","2017Q2","IEWAT","Waterford","Number","109"
"TBQ01C01","Arrivals","20173","2017Q3","IEMIP","All Main Irish Ports","Number","3149"
"TBQ01C01","Arrivals","20173","2017Q3","IEBYT","Bantry Bay","Number","7"
"TBQ01C01","Arrivals","20173","2017Q3","IEDRO","Drogheda","Number","84"
"TBQ01C01","Arrivals","20173","2017Q3","IEDUB","Dublin","Number","2055"
"TBQ01C01","Arrivals","20173","2017Q3","IEFOV","Shannon Foynes","Number","98"
"TBQ01C01","Arrivals","20173","2017Q3","IEGRN","Greenore","Number",""
"TBQ01C01","Arrivals","20173","2017Q3","IEORK","Cork","Number","332"
"TBQ01C01","Arrivals","20173","2017Q3","IEROS","Rosslare","Number","461"
"TBQ01C01","Arrivals","20173","2017Q3","IEWAT","Waterford","Number","112"
"TBQ01C01","Arrivals","20174","2017Q4","IEMIP","All Main Irish Ports","Number","2913"
"TBQ01C01","Arrivals","20174","2017Q4","IEBYT","Bantry Bay","Number","5"
"TBQ01C01","Arrivals","20174","2017Q4","IEDRO","Drogheda","Number","119"
"TBQ01C01","Arrivals","20174","2017Q4","IEDUB","Dublin","Number","1851"
"TBQ01C01","Arrivals","20174","2017Q4","IEFOV","Shannon Foynes","Number","116"
"TBQ01C01","Arrivals","20174","2017Q4","IEGRN","Greenore","Number",""
"TBQ01C01","Arrivals","20174","2017Q4","IEORK","Cork","Number","296"
"TBQ01C01","Arrivals","20174","2017Q4","IEROS","Rosslare","Number","427"
"TBQ01C01","Arrivals","20174","2017Q4","IEWAT","Waterford","Number","99"
"TBQ01C01","Arrivals","20181","2018Q1","IEMIP","All Main Irish Ports","Number","2828"
"TBQ01C01","Arrivals","20181","2018Q1","IEBYT","Bantry Bay","Number","3"
"TBQ01C01","Arrivals","20181","2018Q1","IEDRO","Drogheda","Number","102"
"TBQ01C01","Arrivals","20181","2018Q1","IEDUB","Dublin","Number","1836"
"TBQ01C01","Arrivals","20181","2018Q1","IEFOV","Shannon Foynes","Number","128"
"TBQ01C01","Arrivals","20181","2018Q1","IEGRN","Greenore","Number",""
"TBQ01C01","Arrivals","20181","2018Q1","IEORK","Cork","Number","297"
"TBQ01C01","Arrivals","20181","2018Q1","IEROS","Rosslare","Number","345"
"TBQ01C01","Arrivals","20181","2018Q1","IEWAT","Waterford","Number","117"
"TBQ01C01","Arrivals","20182","2018Q2","IEMIP","All Main Irish Ports","Number","3334"
"TBQ01C01","Arrivals","20182","2018Q2","IEBYT","Bantry Bay","Number","11"
"TBQ01C01","Arrivals","20182","2018Q2","IEDRO","Drogheda","Number","111"
"TBQ01C01","Arrivals","20182","2018Q2","IEDUB","Dublin","Number","2083"
"TBQ01C01","Arrivals","20182","2018Q2","IEFOV","Shannon Foynes","Number","128"
"TBQ01C01","Arrivals","20182","2018Q2","IEGRN","Greenore","Number",""
"TBQ01C01","Arrivals","20182","2018Q2","IEORK","Cork","Number","405"
"TBQ01C01","Arrivals","20182","2018Q2","IEROS","Rosslare","Number","456"
"TBQ01C01","Arrivals","20182","2018Q2","IEWAT","Waterford","Number","140"
"TBQ01C01","Arrivals","20183","2018Q3","IEMIP","All Main Irish Ports","Number","3378"
"TBQ01C01","Arrivals","20183","2018Q3","IEBYT","Bantry Bay","Number","7"
"TBQ01C01","Arrivals","20183","2018Q3","IEDRO","Drogheda","Number","123"
"TBQ01C01","Arrivals","20183","2018Q3","IEDUB","Dublin","Number","2079"
"TBQ01C01","Arrivals","20183","2018Q3","IEFOV","Shannon Foynes","Number","141"
"TBQ01C01","Arrivals","20183","2018Q3","IEGRN","Greenore","Number",""
"TBQ01C01","Arrivals","20183","2018Q3","IEORK","Cork","Number","424"
"TBQ01C01","Arrivals","20183","2018Q3","IEROS","Rosslare","Number","463"
"TBQ01C01","Arrivals","20183","2018Q3","IEWAT","Waterford","Number","141"
"TBQ01C01","Arrivals","20184","2018Q4","IEMIP","All Main Irish Ports","Number","2955"
"TBQ01C01","Arrivals","20184","2018Q4","IEBYT","Bantry Bay","Number","3"
"TBQ01C01","Arrivals","20184","2018Q4","IEDRO","Drogheda","Number","110"
"TBQ01C01","Arrivals","20184","2018Q4","IEDUB","Dublin","Number","1862"
"TBQ01C01","Arrivals","20184","2018Q4","IEFOV","Shannon Foynes","Number","119"
"TBQ01C01","Arrivals","20184","2018Q4","IEGRN","Greenore","Number",""
"TBQ01C01","Arrivals","20184","2018Q4","IEORK","Cork","Number","361"
"TBQ01C01","Arrivals","20184","2018Q4","IEROS","Rosslare","Number","383"
"TBQ01C01","Arrivals","20184","2018Q4","IEWAT","Waterford","Number","117"
"TBQ01C01","Arrivals","20191","2019Q1","IEMIP","All Main Irish Ports","Number","2939"
"TBQ01C01","Arrivals","20191","2019Q1","IEBYT","Bantry Bay","Number","8"
"TBQ01C01","Arrivals","20191","2019Q1","IEDRO","Drogheda","Number","112"
"TBQ01C01","Arrivals","20191","2019Q1","IEDUB","Dublin","Number","1874"
"TBQ01C01","Arrivals","20191","2019Q1","IEFOV","Shannon Foynes","Number","130"
"TBQ01C01","Arrivals","20191","2019Q1","IEGRN","Greenore","Number",""
"TBQ01C01","Arrivals","20191","2019Q1","IEORK","Cork","Number","329"
"TBQ01C01","Arrivals","20191","2019Q1","IEROS","Rosslare","Number","367"
"TBQ01C01","Arrivals","20191","2019Q1","IEWAT","Waterford","Number","119"
"TBQ01C01","Arrivals","20192","2019Q2","IEMIP","All Main Irish Ports","Number","3216"
"TBQ01C01","Arrivals","20192","2019Q2","IEBYT","Bantry Bay","Number","4"
"TBQ01C01","Arrivals","20192","2019Q2","IEDRO","Drogheda","Number","110"
"TBQ01C01","Arrivals","20192","2019Q2","IEDUB","Dublin","Number","2054"
"TBQ01C01","Arrivals","20192","2019Q2","IEFOV","Shannon Foynes","Number","127"
"TBQ01C01","Arrivals","20192","2019Q2","IEGRN","Greenore","Number",""
"TBQ01C01","Arrivals","20192","2019Q2","IEORK","Cork","Number","391"
"TBQ01C01","Arrivals","20192","2019Q2","IEROS","Rosslare","Number","412"
"TBQ01C01","Arrivals","20192","2019Q2","IEWAT","Waterford","Number","118"
"TBQ01C01","Arrivals","20193","2019Q3","IEMIP","All Main Irish Ports","Number","3202"
"TBQ01C01","Arrivals","20193","2019Q3","IEBYT","Bantry Bay","Number","8"
"TBQ01C01","Arrivals","20193","2019Q3","IEDRO","Drogheda","Number","101"
"TBQ01C01","Arrivals","20193","2019Q3","IEDUB","Dublin","Number","2056"
"TBQ01C01","Arrivals","20193","2019Q3","IEFOV","Shannon Foynes","Number","110"
"TBQ01C01","Arrivals","20193","2019Q3","IEGRN","Greenore","Number",""
"TBQ01C01","Arrivals","20193","2019Q3","IEORK","Cork","Number","407"
"TBQ01C01","Arrivals","20193","2019Q3","IEROS","Rosslare","Number","414"
"TBQ01C01","Arrivals","20193","2019Q3","IEWAT","Waterford","Number","106"
"TBQ01C01","Arrivals","20194","2019Q4","IEMIP","All Main Irish Ports","Number","2893"
"TBQ01C01","Arrivals","20194","2019Q4","IEBYT","Bantry Bay","Number","4"
"TBQ01C01","Arrivals","20194","2019Q4","IEDRO","Drogheda","Number","143"
"TBQ01C01","Arrivals","20194","2019Q4","IEDUB","Dublin","Number","1822"
"TBQ01C01","Arrivals","20194","2019Q4","IEFOV","Shannon Foynes","Number","115"
"TBQ01C01","Arrivals","20194","2019Q4","IEGRN","Greenore","Number",""
"TBQ01C01","Arrivals","20194","2019Q4","IEORK","Cork","Number","332"
"TBQ01C01","Arrivals","20194","2019Q4","IEROS","Rosslare","Number","361"
"TBQ01C01","Arrivals","20194","2019Q4","IEWAT","Waterford","Number","116"
"TBQ01C01","Arrivals","20201","2020Q1","IEMIP","All Main Irish Ports","Number","2760"
"TBQ01C01","Arrivals","20201","2020Q1","IEBYT","Bantry Bay","Number","8"
"TBQ01C01","Arrivals","20201","2020Q1","IEDRO","Drogheda","Number","110"
"TBQ01C01","Arrivals","20201","2020Q1","IEDUB","Dublin","Number","1785"
"TBQ01C01","Arrivals","20201","2020Q1","IEFOV","Shannon Foynes","Number","110"
"TBQ01C01","Arrivals","20201","2020Q1","IEGRN","Greenore","Number",""
"TBQ01C01","Arrivals","20201","2020Q1","IEORK","Cork","Number","298"
"TBQ01C01","Arrivals","20201","2020Q1","IEROS","Rosslare","Number","335"
"TBQ01C01","Arrivals","20201","2020Q1","IEWAT","Waterford","Number","114"
"TBQ01C01","Arrivals","20202","2020Q2","IEMIP","All Main Irish Ports","Number","2678"
"TBQ01C01","Arrivals","20202","2020Q2","IEBYT","Bantry Bay","Number","11"
"TBQ01C01","Arrivals","20202","2020Q2","IEDRO","Drogheda","Number","98"
"TBQ01C01","Arrivals","20202","2020Q2","IEDUB","Dublin","Number","1671"
"TBQ01C01","Arrivals","20202","2020Q2","IEFOV","Shannon Foynes","Number","105"
"TBQ01C01","Arrivals","20202","2020Q2","IEGRN","Greenore","Number",""
"TBQ01C01","Arrivals","20202","2020Q2","IEORK","Cork","Number","269"
"TBQ01C01","Arrivals","20202","2020Q2","IEROS","Rosslare","Number","417"
"TBQ01C01","Arrivals","20202","2020Q2","IEWAT","Waterford","Number","107"
"TBQ01C01","Arrivals","20203","2020Q3","IEMIP","All Main Irish Ports","Number","2979"
"TBQ01C01","Arrivals","20203","2020Q3","IEBYT","Bantry Bay","Number","6"
"TBQ01C01","Arrivals","20203","2020Q3","IEDRO","Drogheda","Number","95"
"TBQ01C01","Arrivals","20203","2020Q3","IEDUB","Dublin","Number","1896"
"TBQ01C01","Arrivals","20203","2020Q3","IEFOV","Shannon Foynes","Number","100"
"TBQ01C01","Arrivals","20203","2020Q3","IEGRN","Greenore","Number",""
"TBQ01C01","Arrivals","20203","2020Q3","IEORK","Cork","Number","327"
"TBQ01C01","Arrivals","20203","2020Q3","IEROS","Rosslare","Number","437"
"TBQ01C01","Arrivals","20203","2020Q3","IEWAT","Waterford","Number","118"
"TBQ01C01","Arrivals","20204","2020Q4","IEMIP","All Main Irish Ports","Number","2928"
"TBQ01C01","Arrivals","20204","2020Q4","IEBYT","Bantry Bay","Number","1"
"TBQ01C01","Arrivals","20204","2020Q4","IEDRO","Drogheda","Number","118"
"TBQ01C01","Arrivals","20204","2020Q4","IEDUB","Dublin","Number","1872"
"TBQ01C01","Arrivals","20204","2020Q4","IEFOV","Shannon Foynes","Number","108"
"TBQ01C01","Arrivals","20204","2020Q4","IEGRN","Greenore","Number",""
"TBQ01C01","Arrivals","20204","2020Q4","IEORK","Cork","Number","320"
"TBQ01C01","Arrivals","20204","2020Q4","IEROS","Rosslare","Number","400"
"TBQ01C01","Arrivals","20204","2020Q4","IEWAT","Waterford","Number","109"
"TBQ01C01","Arrivals","20211","2021Q1","IEMIP","All Main Irish Ports","Number","2833"
"TBQ01C01","Arrivals","20211","2021Q1","IEBYT","Bantry Bay","Number","1"
"TBQ01C01","Arrivals","20211","2021Q1","IEDRO","Drogheda","Number","116"
"TBQ01C01","Arrivals","20211","2021Q1","IEDUB","Dublin","Number","1703"
"TBQ01C01","Arrivals","20211","2021Q1","IEFOV","Shannon Foynes","Number","117"
"TBQ01C01","Arrivals","20211","2021Q1","IEGRN","Greenore","Number",""
"TBQ01C01","Arrivals","20211","2021Q1","IEORK","Cork","Number","354"
"TBQ01C01","Arrivals","20211","2021Q1","IEROS","Rosslare","Number","419"
"TBQ01C01","Arrivals","20211","2021Q1","IEWAT","Waterford","Number","123"
"TBQ01C01","Arrivals","20212","2021Q2","IEMIP","All Main Irish Ports","Number","3025"
"TBQ01C01","Arrivals","20212","2021Q2","IEBYT","Bantry Bay","Number","3"
"TBQ01C01","Arrivals","20212","2021Q2","IEDRO","Drogheda","Number","96"
"TBQ01C01","Arrivals","20212","2021Q2","IEDUB","Dublin","Number","1823"
"TBQ01C01","Arrivals","20212","2021Q2","IEFOV","Shannon Foynes","Number","116"
"TBQ01C01","Arrivals","20212","2021Q2","IEGRN","Greenore","Number",""
"TBQ01C01","Arrivals","20212","2021Q2","IEORK","Cork","Number","423"
"TBQ01C01","Arrivals","20212","2021Q2","IEROS","Rosslare","Number","454"
"TBQ01C01","Arrivals","20212","2021Q2","IEWAT","Waterford","Number","110"
"TBQ01C01","Arrivals","20213","2021Q3","IEMIP","All Main Irish Ports","Number","3302"
"TBQ01C01","Arrivals","20213","2021Q3","IEBYT","Bantry Bay","Number","6"
"TBQ01C01","Arrivals","20213","2021Q3","IEDRO","Drogheda","Number","96"
"TBQ01C01","Arrivals","20213","2021Q3","IEDUB","Dublin","Number","1960"
"TBQ01C01","Arrivals","20213","2021Q3","IEFOV","Shannon Foynes","Number","110"
"TBQ01C01","Arrivals","20213","2021Q3","IEGRN","Greenore","Number",""
"TBQ01C01","Arrivals","20213","2021Q3","IEORK","Cork","Number","498"
"TBQ01C01","Arrivals","20213","2021Q3","IEROS","Rosslare","Number","536"
"TBQ01C01","Arrivals","20213","2021Q3","IEWAT","Waterford","Number","96"
"TBQ01C01","Arrivals","20214","2021Q4","IEMIP","All Main Irish Ports","Number","2859"
"TBQ01C01","Arrivals","20214","2021Q4","IEBYT","Bantry Bay","Number","0"
"TBQ01C01","Arrivals","20214","2021Q4","IEDRO","Drogheda","Number","103"
"TBQ01C01","Arrivals","20214","2021Q4","IEDUB","Dublin","Number","1733"
"TBQ01C01","Arrivals","20214","2021Q4","IEFOV","Shannon Foynes","Number","124"
"TBQ01C01","Arrivals","20214","2021Q4","IEGRN","Greenore","Number",""
"TBQ01C01","Arrivals","20214","2021Q4","IEORK","Cork","Number","360"
"TBQ01C01","Arrivals","20214","2021Q4","IEROS","Rosslare","Number","434"
"TBQ01C01","Arrivals","20214","2021Q4","IEWAT","Waterford","Number","105"
"TBQ01C01","Arrivals","20221","2022Q1","IEMIP","All Main Irish Ports","Number","2746"
"TBQ01C01","Arrivals","20221","2022Q1","IEBYT","Bantry Bay","Number","1"
"TBQ01C01","Arrivals","20221","2022Q1","IEDRO","Drogheda","Number","70"
"TBQ01C01","Arrivals","20221","2022Q1","IEDUB","Dublin","Number","1713"
"TBQ01C01","Arrivals","20221","2022Q1","IEFOV","Shannon Foynes","Number","123"
"TBQ01C01","Arrivals","20221","2022Q1","IEGRN","Greenore","Number",""
"TBQ01C01","Arrivals","20221","2022Q1","IEORK","Cork","Number","296"
"TBQ01C01","Arrivals","20221","2022Q1","IEROS","Rosslare","Number","429"
"TBQ01C01","Arrivals","20221","2022Q1","IEWAT","Waterford","Number","114"
"TBQ01C01","Arrivals","20222","2022Q2","IEMIP","All Main Irish Ports","Number","3085"
"TBQ01C01","Arrivals","20222","2022Q2","IEBYT","Bantry Bay","Number","4"
"TBQ01C01","Arrivals","20222","2022Q2","IEDRO","Drogheda","Number","68"
"TBQ01C01","Arrivals","20222","2022Q2","IEDUB","Dublin","Number","1956"
"TBQ01C01","Arrivals","20222","2022Q2","IEFOV","Shannon Foynes","Number","110"
"TBQ01C01","Arrivals","20222","2022Q2","IEGRN","Greenore","Number",""
"TBQ01C01","Arrivals","20222","2022Q2","IEORK","Cork","Number","392"
"TBQ01C01","Arrivals","20222","2022Q2","IEROS","Rosslare","Number","436"
"TBQ01C01","Arrivals","20222","2022Q2","IEWAT","Waterford","Number","119"
"TBQ01C01","Arrivals","20223","2022Q3","IEMIP","All Main Irish Ports","Number","3202"
"TBQ01C01","Arrivals","20223","2022Q3","IEBYT","Bantry Bay","Number","1"
"TBQ01C01","Arrivals","20223","2022Q3","IEDRO","Drogheda","Number","49"
"TBQ01C01","Arrivals","20223","2022Q3","IEDUB","Dublin","Number","1983"
"TBQ01C01","Arrivals","20223","2022Q3","IEFOV","Shannon Foynes","Number","91"
"TBQ01C01","Arrivals","20223","2022Q3","IEGRN","Greenore","Number",""
"TBQ01C01","Arrivals","20223","2022Q3","IEORK","Cork","Number","393"
"TBQ01C01","Arrivals","20223","2022Q3","IEROS","Rosslare","Number","581"
"TBQ01C01","Arrivals","20223","2022Q3","IEWAT","Waterford","Number","104"
"TBQ01C01","Arrivals","20224","2022Q4","IEMIP","All Main Irish Ports","Number","2795"
"TBQ01C01","Arrivals","20224","2022Q4","IEBYT","Bantry Bay","Number","4"
"TBQ01C01","Arrivals","20224","2022Q4","IEDRO","Drogheda","Number","55"
"TBQ01C01","Arrivals","20224","2022Q4","IEDUB","Dublin","Number","1750"
"TBQ01C01","Arrivals","20224","2022Q4","IEFOV","Shannon Foynes","Number","107"
"TBQ01C01","Arrivals","20224","2022Q4","IEGRN","Greenore","Number",""
"TBQ01C01","Arrivals","20224","2022Q4","IEORK","Cork","Number","309"
"TBQ01C01","Arrivals","20224","2022Q4","IEROS","Rosslare","Number","469"
"TBQ01C01","Arrivals","20224","2022Q4","IEWAT","Waterford","Number","101"
"TBQ01C01","Arrivals","20231","2023Q1","IEMIP","All Main Irish Ports","Number","2612"
"TBQ01C01","Arrivals","20231","2023Q1","IEBYT","Bantry Bay","Number","2"
"TBQ01C01","Arrivals","20231","2023Q1","IEDRO","Drogheda","Number","48"
"TBQ01C01","Arrivals","20231","2023Q1","IEDUB","Dublin","Number","1647"
"TBQ01C01","Arrivals","20231","2023Q1","IEFOV","Shannon Foynes","Number","87"
"TBQ01C01","Arrivals","20231","2023Q1","IEGRN","Greenore","Number",""
"TBQ01C01","Arrivals","20231","2023Q1","IEORK","Cork","Number","286"
"TBQ01C01","Arrivals","20231","2023Q1","IEROS","Rosslare","Number","448"
"TBQ01C01","Arrivals","20231","2023Q1","IEWAT","Waterford","Number","94"
"TBQ01C01","Arrivals","20232","2023Q2","IEMIP","All Main Irish Ports","Number","3036"
"TBQ01C01","Arrivals","20232","2023Q2","IEBYT","Bantry Bay","Number","1"
"TBQ01C01","Arrivals","20232","2023Q2","IEDRO","Drogheda","Number","44"
"TBQ01C01","Arrivals","20232","2023Q2","IEDUB","Dublin","Number","1891"
"TBQ01C01","Arrivals","20232","2023Q2","IEFOV","Shannon Foynes","Number","102"
"TBQ01C01","Arrivals","20232","2023Q2","IEGRN","Greenore","Number",""
"TBQ01C01","Arrivals","20232","2023Q2","IEORK","Cork","Number","392"
"TBQ01C01","Arrivals","20232","2023Q2","IEROS","Rosslare","Number","482"
"TBQ01C01","Arrivals","20232","2023Q2","IEWAT","Waterford","Number","124"
"TBQ01C01","Arrivals","20233","2023Q3","IEMIP","All Main Irish Ports","Number","3130"
"TBQ01C01","Arrivals","20233","2023Q3","IEBYT","Bantry Bay","Number",""
"TBQ01C01","Arrivals","20233","2023Q3","IEDRO","Drogheda","Number","45"
"TBQ01C01","Arrivals","20233","2023Q3","IEDUB","Dublin","Number","1898"
"TBQ01C01","Arrivals","20233","2023Q3","IEFOV","Shannon Foynes","Number","112"
"TBQ01C01","Arrivals","20233","2023Q3","IEGRN","Greenore","Number",""
"TBQ01C01","Arrivals","20233","2023Q3","IEORK","Cork","Number","395"
"TBQ01C01","Arrivals","20233","2023Q3","IEROS","Rosslare","Number","569"
"TBQ01C01","Arrivals","20233","2023Q3","IEWAT","Waterford","Number","111"
"TBQ01C01","Arrivals","20234","2023Q4","IEMIP","All Main Irish Ports","Number","2726"
"TBQ01C01","Arrivals","20234","2023Q4","IEBYT","Bantry Bay","Number",""
"TBQ01C01","Arrivals","20234","2023Q4","IEDRO","Drogheda","Number","56"
"TBQ01C01","Arrivals","20234","2023Q4","IEDUB","Dublin","Number","1667"
"TBQ01C01","Arrivals","20234","2023Q4","IEFOV","Shannon Foynes","Number","107"
"TBQ01C01","Arrivals","20234","2023Q4","IEGRN","Greenore","Number",""
"TBQ01C01","Arrivals","20234","2023Q4","IEORK","Cork","Number","299"
"TBQ01C01","Arrivals","20234","2023Q4","IEROS","Rosslare","Number","504"
"TBQ01C01","Arrivals","20234","2023Q4","IEWAT","Waterford","Number","93"
"TBQ01C01","Arrivals","20241","2024Q1","IEMIP","All Main Irish Ports","Number","2488"
"TBQ01C01","Arrivals","20241","2024Q1","IEBYT","Bantry Bay","Number","1"
"TBQ01C01","Arrivals","20241","2024Q1","IEDRO","Drogheda","Number","58"
"TBQ01C01","Arrivals","20241","2024Q1","IEDUB","Dublin","Number","1526"
"TBQ01C01","Arrivals","20241","2024Q1","IEFOV","Shannon Foynes","Number","126"
"TBQ01C01","Arrivals","20241","2024Q1","IEGRN","Greenore","Number",""
"TBQ01C01","Arrivals","20241","2024Q1","IEORK","Cork","Number","302"
"TBQ01C01","Arrivals","20241","2024Q1","IEROS","Rosslare","Number","369"
"TBQ01C01","Arrivals","20241","2024Q1","IEWAT","Waterford","Number","106"
"TBQ01C01","Arrivals","20242","2024Q2","IEMIP","All Main Irish Ports","Number","2958"
"TBQ01C01","Arrivals","20242","2024Q2","IEBYT","Bantry Bay","Number","2"
"TBQ01C01","Arrivals","20242","2024Q2","IEDRO","Drogheda","Number","55"
"TBQ01C01","Arrivals","20242","2024Q2","IEDUB","Dublin","Number","1790"
"TBQ01C01","Arrivals","20242","2024Q2","IEFOV","Shannon Foynes","Number","124"
"TBQ01C01","Arrivals","20242","2024Q2","IEGRN","Greenore","Number",""
"TBQ01C01","Arrivals","20242","2024Q2","IEORK","Cork","Number","399"
"TBQ01C01","Arrivals","20242","2024Q2","IEROS","Rosslare","Number","466"
"TBQ01C01","Arrivals","20242","2024Q2","IEWAT","Waterford","Number","122"
"TBQ01C01","Arrivals","20243","2024Q3","IEMIP","All Main Irish Ports","Number","3177"
"TBQ01C01","Arrivals","20243","2024Q3","IEBYT","Bantry Bay","Number",""
"TBQ01C01","Arrivals","20243","2024Q3","IEDRO","Drogheda","Number","45"
"TBQ01C01","Arrivals","20243","2024Q3","IEDUB","Dublin","Number","1920"
"TBQ01C01","Arrivals","20243","2024Q3","IEFOV","Shannon Foynes","Number","108"
"TBQ01C01","Arrivals","20243","2024Q3","IEGRN","Greenore","Number",""
"TBQ01C01","Arrivals","20243","2024Q3","IEORK","Cork","Number","380"
"TBQ01C01","Arrivals","20243","2024Q3","IEROS","Rosslare","Number","596"
"TBQ01C01","Arrivals","20243","2024Q3","IEWAT","Waterford","Number","128"
"TBQ01C01","Arrivals","20244","2024Q4","IEMIP","All Main Irish Ports","Number","2611"
"TBQ01C01","Arrivals","20244","2024Q4","IEBYT","Bantry Bay","Number",""
"TBQ01C01","Arrivals","20244","2024Q4","IEDRO","Drogheda","Number","63"
"TBQ01C01","Arrivals","20244","2024Q4","IEDUB","Dublin","Number","1524"
"TBQ01C01","Arrivals","20244","2024Q4","IEFOV","Shannon Foynes","Number","98"
"TBQ01C01","Arrivals","20244","2024Q4","IEGRN","Greenore","Number",""
"TBQ01C01","Arrivals","20244","2024Q4","IEORK","Cork","Number","278"
"TBQ01C01","Arrivals","20244","2024Q4","IEROS","Rosslare","Number","529"
"TBQ01C01","Arrivals","20244","2024Q4","IEWAT","Waterford","Number","119"
"TBQ01C01","Arrivals","20251","2025Q1","IEMIP","All Main Irish Ports","Number","2557"
"TBQ01C01","Arrivals","20251","2025Q1","IEBYT","Bantry Bay","Number","2"
"TBQ01C01","Arrivals","20251","2025Q1","IEDRO","Drogheda","Number","61"
"TBQ01C01","Arrivals","20251","2025Q1","IEDUB","Dublin","Number","1478"
"TBQ01C01","Arrivals","20251","2025Q1","IEFOV","Shannon Foynes","Number","113"
"TBQ01C01","Arrivals","20251","2025Q1","IEGRN","Greenore","Number","45"
"TBQ01C01","Arrivals","20251","2025Q1","IEORK","Cork","Number","269"
"TBQ01C01","Arrivals","20251","2025Q1","IEROS","Rosslare","Number","471"
"TBQ01C01","Arrivals","20251","2025Q1","IEWAT","Waterford","Number","118"
"TBQ01C01","Arrivals","20252","2025Q2","IEMIP","All Main Irish Ports","Number","3133"
"TBQ01C01","Arrivals","20252","2025Q2","IEBYT","Bantry Bay","Number","2"
"TBQ01C01","Arrivals","20252","2025Q2","IEDRO","Drogheda","Number","61"
"TBQ01C01","Arrivals","20252","2025Q2","IEDUB","Dublin","Number","1835"
"TBQ01C01","Arrivals","20252","2025Q2","IEFOV","Shannon Foynes","Number","126"
"TBQ01C01","Arrivals","20252","2025Q2","IEGRN","Greenore","Number","43"
"TBQ01C01","Arrivals","20252","2025Q2","IEORK","Cork","Number","356"
"TBQ01C01","Arrivals","20252","2025Q2","IEROS","Rosslare","Number","569"
"TBQ01C01","Arrivals","20252","2025Q2","IEWAT","Waterford","Number","141"
"TBQ01C01","Arrivals","20253","2025Q3","IEMIP","All Main Irish Ports","Number","3064"
"TBQ01C01","Arrivals","20253","2025Q3","IEBYT","Bantry Bay","Number","3"
"TBQ01C01","Arrivals","20253","2025Q3","IEDRO","Drogheda","Number","58"
"TBQ01C01","Arrivals","20253","2025Q3","IEDUB","Dublin","Number","1811"
"TBQ01C01","Arrivals","20253","2025Q3","IEFOV","Shannon Foynes","Number","108"
"TBQ01C01","Arrivals","20253","2025Q3","IEGRN","Greenore","Number","40"
"TBQ01C01","Arrivals","20253","2025Q3","IEORK","Cork","Number","361"
"TBQ01C01","Arrivals","20253","2025Q3","IEROS","Rosslare","Number","565"
"TBQ01C01","Arrivals","20253","2025Q3","IEWAT","Waterford","Number","118"
"TBQ01C01","Arrivals","20254","2025Q4","IEMIP","All Main Irish Ports","Number","2646"
"TBQ01C01","Arrivals","20254","2025Q4","IEBYT","Bantry Bay","Number","1"
"TBQ01C01","Arrivals","20254","2025Q4","IEDRO","Drogheda","Number","65"
"TBQ01C01","Arrivals","20254","2025Q4","IEDUB","Dublin","Number","1559"
"TBQ01C01","Arrivals","20254","2025Q4","IEFOV","Shannon Foynes","Number","115"
"TBQ01C01","Arrivals","20254","2025Q4","IEGRN","Greenore","Number","43"
"TBQ01C01","Arrivals","20254","2025Q4","IEORK","Cork","Number","279"
"TBQ01C01","Arrivals","20254","2025Q4","IEROS","Rosslare","Number","470"
"TBQ01C01","Arrivals","20254","2025Q4","IEWAT","Waterford","Number","114"
"TBQ01C01","Arrivals","20261","2026Q1","IEMIP","All Main Irish Ports","Number","2499"
"TBQ01C01","Arrivals","20261","2026Q1","IEBYT","Bantry Bay","Number","5"
"TBQ01C01","Arrivals","20261","2026Q1","IEDRO","Drogheda","Number","48"
"TBQ01C01","Arrivals","20261","2026Q1","IEDUB","Dublin","Number","1523"
"TBQ01C01","Arrivals","20261","2026Q1","IEFOV","Shannon Foynes","Number","106"
"TBQ01C01","Arrivals","20261","2026Q1","IEGRN","Greenore","Number","40"
"TBQ01C01","Arrivals","20261","2026Q1","IEORK","Cork","Number","280"
"TBQ01C01","Arrivals","20261","2026Q1","IEROS","Rosslare","Number","386"
"TBQ01C01","Arrivals","20261","2026Q1","IEWAT","Waterford","Number","111"
"TBQ01C02","Gross Tonnage of Vessel","20171","2017Q1","IEMIP","All Main Irish Ports","000 Tonnes","56305"
"TBQ01C02","Gross Tonnage of Vessel","20171","2017Q1","IEBYT","Bantry Bay","000 Tonnes","130"
"TBQ01C02","Gross Tonnage of Vessel","20171","2017Q1","IEDRO","Drogheda","000 Tonnes","256"
"TBQ01C02","Gross Tonnage of Vessel","20171","2017Q1","IEDUB","Dublin","000 Tonnes","41660"
"TBQ01C02","Gross Tonnage of Vessel","20171","2017Q1","IEFOV","Shannon Foynes","000 Tonnes","2251"
"TBQ01C02","Gross Tonnage of Vessel","20171","2017Q1","IEGRN","Greenore","000 Tonnes",""
"TBQ01C02","Gross Tonnage of Vessel","20171","2017Q1","IEORK","Cork","000 Tonnes","3457"
"TBQ01C02","Gross Tonnage of Vessel","20171","2017Q1","IEROS","Rosslare","000 Tonnes","7947"
"TBQ01C02","Gross Tonnage of Vessel","20171","2017Q1","IEWAT","Waterford","000 Tonnes","605"
"TBQ01C02","Gross Tonnage of Vessel","20172","2017Q2","IEMIP","All Main Irish Ports","000 Tonnes","62661"
"TBQ01C02","Gross Tonnage of Vessel","20172","2017Q2","IEBYT","Bantry Bay","000 Tonnes","238"
"TBQ01C02","Gross Tonnage of Vessel","20172","2017Q2","IEDRO","Drogheda","000 Tonnes","257"
"TBQ01C02","Gross Tonnage of Vessel","20172","2017Q2","IEDUB","Dublin","000 Tonnes","45266"
"TBQ01C02","Gross Tonnage of Vessel","20172","2017Q2","IEFOV","Shannon Foynes","000 Tonnes","1578"
"TBQ01C02","Gross Tonnage of Vessel","20172","2017Q2","IEGRN","Greenore","000 Tonnes",""
"TBQ01C02","Gross Tonnage of Vessel","20172","2017Q2","IEORK","Cork","000 Tonnes","5460"
"TBQ01C02","Gross Tonnage of Vessel","20172","2017Q2","IEROS","Rosslare","000 Tonnes","9178"
"TBQ01C02","Gross Tonnage of Vessel","20172","2017Q2","IEWAT","Waterford","000 Tonnes","685"
"TBQ01C02","Gross Tonnage of Vessel","20173","2017Q3","IEMIP","All Main Irish Ports","000 Tonnes","64567"
"TBQ01C02","Gross Tonnage of Vessel","20173","2017Q3","IEBYT","Bantry Bay","000 Tonnes","262"
"TBQ01C02","Gross Tonnage of Vessel","20173","2017Q3","IEDRO","Drogheda","000 Tonnes","227"
"TBQ01C02","Gross Tonnage of Vessel","20173","2017Q3","IEDUB","Dublin","000 Tonnes","46867"
"TBQ01C02","Gross Tonnage of Vessel","20173","2017Q3","IEFOV","Shannon Foynes","000 Tonnes","1435"
"TBQ01C02","Gross Tonnage of Vessel","20173","2017Q3","IEGRN","Greenore","000 Tonnes",""
"TBQ01C02","Gross Tonnage of Vessel","20173","2017Q3","IEORK","Cork","000 Tonnes","5941"
"TBQ01C02","Gross Tonnage of Vessel","20173","2017Q3","IEROS","Rosslare","000 Tonnes","9153"
"TBQ01C02","Gross Tonnage of Vessel","20173","2017Q3","IEWAT","Waterford","000 Tonnes","682"
"TBQ01C02","Gross Tonnage of Vessel","20174","2017Q4","IEMIP","All Main Irish Ports","000 Tonnes","56734"
"TBQ01C02","Gross Tonnage of Vessel","20174","2017Q4","IEBYT","Bantry Bay","000 Tonnes","188"
"TBQ01C02","Gross Tonnage of Vessel","20174","2017Q4","IEDRO","Drogheda","000 Tonnes","322"
"TBQ01C02","Gross Tonnage of Vessel","20174","2017Q4","IEDUB","Dublin","000 Tonnes","42056"
"TBQ01C02","Gross Tonnage of Vessel","20174","2017Q4","IEFOV","Shannon Foynes","000 Tonnes","1759"
"TBQ01C02","Gross Tonnage of Vessel","20174","2017Q4","IEGRN","Greenore","000 Tonnes",""
"TBQ01C02","Gross Tonnage of Vessel","20174","2017Q4","IEORK","Cork","000 Tonnes","3504"
"TBQ01C02","Gross Tonnage of Vessel","20174","2017Q4","IEROS","Rosslare","000 Tonnes","8374"
"TBQ01C02","Gross Tonnage of Vessel","20174","2017Q4","IEWAT","Waterford","000 Tonnes","531"
"TBQ01C02","Gross Tonnage of Vessel","20181","2018Q1","IEMIP","All Main Irish Ports","000 Tonnes","56649"
"TBQ01C02","Gross Tonnage of Vessel","20181","2018Q1","IEBYT","Bantry Bay","000 Tonnes","117"
"TBQ01C02","Gross Tonnage of Vessel","20181","2018Q1","IEDRO","Drogheda","000 Tonnes","273"
"TBQ01C02","Gross Tonnage of Vessel","20181","2018Q1","IEDUB","Dublin","000 Tonnes","40879"
"TBQ01C02","Gross Tonnage of Vessel","20181","2018Q1","IEFOV","Shannon Foynes","000 Tonnes","1753"
"TBQ01C02","Gross Tonnage of Vessel","20181","2018Q1","IEGRN","Greenore","000 Tonnes",""
"TBQ01C02","Gross Tonnage of Vessel","20181","2018Q1","IEORK","Cork","000 Tonnes","3398"
"TBQ01C02","Gross Tonnage of Vessel","20181","2018Q1","IEROS","Rosslare","000 Tonnes","9691"
"TBQ01C02","Gross Tonnage of Vessel","20181","2018Q1","IEWAT","Waterford","000 Tonnes","537"
"TBQ01C02","Gross Tonnage of Vessel","20182","2018Q2","IEMIP","All Main Irish Ports","000 Tonnes","70837"
"TBQ01C02","Gross Tonnage of Vessel","20182","2018Q2","IEBYT","Bantry Bay","000 Tonnes","347"
"TBQ01C02","Gross Tonnage of Vessel","20182","2018Q2","IEDRO","Drogheda","000 Tonnes","295"
"TBQ01C02","Gross Tonnage of Vessel","20182","2018Q2","IEDUB","Dublin","000 Tonnes","47034"
"TBQ01C02","Gross Tonnage of Vessel","20182","2018Q2","IEFOV","Shannon Foynes","000 Tonnes","1685"
"TBQ01C02","Gross Tonnage of Vessel","20182","2018Q2","IEGRN","Greenore","000 Tonnes",""
"TBQ01C02","Gross Tonnage of Vessel","20182","2018Q2","IEORK","Cork","000 Tonnes","7813"
"TBQ01C02","Gross Tonnage of Vessel","20182","2018Q2","IEROS","Rosslare","000 Tonnes","12774"
"TBQ01C02","Gross Tonnage of Vessel","20182","2018Q2","IEWAT","Waterford","000 Tonnes","888"
"TBQ01C02","Gross Tonnage of Vessel","20183","2018Q3","IEMIP","All Main Irish Ports","000 Tonnes","70957"
"TBQ01C02","Gross Tonnage of Vessel","20183","2018Q3","IEBYT","Bantry Bay","000 Tonnes","234"
"TBQ01C02","Gross Tonnage of Vessel","20183","2018Q3","IEDRO","Drogheda","000 Tonnes","327"
"TBQ01C02","Gross Tonnage of Vessel","20183","2018Q3","IEDUB","Dublin","000 Tonnes","46636"
"TBQ01C02","Gross Tonnage of Vessel","20183","2018Q3","IEFOV","Shannon Foynes","000 Tonnes","1693"
"TBQ01C02","Gross Tonnage of Vessel","20183","2018Q3","IEGRN","Greenore","000 Tonnes",""
"TBQ01C02","Gross Tonnage of Vessel","20183","2018Q3","IEORK","Cork","000 Tonnes","8092"
"TBQ01C02","Gross Tonnage of Vessel","20183","2018Q3","IEROS","Rosslare","000 Tonnes","12864"
"TBQ01C02","Gross Tonnage of Vessel","20183","2018Q3","IEWAT","Waterford","000 Tonnes","1110"
"TBQ01C02","Gross Tonnage of Vessel","20184","2018Q4","IEMIP","All Main Irish Ports","000 Tonnes","62452"
"TBQ01C02","Gross Tonnage of Vessel","20184","2018Q4","IEBYT","Bantry Bay","000 Tonnes","102"
"TBQ01C02","Gross Tonnage of Vessel","20184","2018Q4","IEDRO","Drogheda","000 Tonnes","312"
"TBQ01C02","Gross Tonnage of Vessel","20184","2018Q4","IEDUB","Dublin","000 Tonnes","44186"
"TBQ01C02","Gross Tonnage of Vessel","20184","2018Q4","IEFOV","Shannon Foynes","000 Tonnes","1638"
"TBQ01C02","Gross Tonnage of Vessel","20184","2018Q4","IEGRN","Greenore","000 Tonnes",""
"TBQ01C02","Gross Tonnage of Vessel","20184","2018Q4","IEORK","Cork","000 Tonnes","5057"
"TBQ01C02","Gross Tonnage of Vessel","20184","2018Q4","IEROS","Rosslare","000 Tonnes","10508"
"TBQ01C02","Gross Tonnage of Vessel","20184","2018Q4","IEWAT","Waterford","000 Tonnes","649"
"TBQ01C02","Gross Tonnage of Vessel","20191","2019Q1","IEMIP","All Main Irish Ports","000 Tonnes","59474"
"TBQ01C02","Gross Tonnage of Vessel","20191","2019Q1","IEBYT","Bantry Bay","000 Tonnes","270"
"TBQ01C02","Gross Tonnage of Vessel","20191","2019Q1","IEDRO","Drogheda","000 Tonnes","302"
"TBQ01C02","Gross Tonnage of Vessel","20191","2019Q1","IEDUB","Dublin","000 Tonnes","45787"
"TBQ01C02","Gross Tonnage of Vessel","20191","2019Q1","IEFOV","Shannon Foynes","000 Tonnes","1631"
"TBQ01C02","Gross Tonnage of Vessel","20191","2019Q1","IEGRN","Greenore","000 Tonnes",""
"TBQ01C02","Gross Tonnage of Vessel","20191","2019Q1","IEORK","Cork","000 Tonnes","3954"
"TBQ01C02","Gross Tonnage of Vessel","20191","2019Q1","IEROS","Rosslare","000 Tonnes","6869"
"TBQ01C02","Gross Tonnage of Vessel","20191","2019Q1","IEWAT","Waterford","000 Tonnes","663"
"TBQ01C02","Gross Tonnage of Vessel","20192","2019Q2","IEMIP","All Main Irish Ports","000 Tonnes","68503"
"TBQ01C02","Gross Tonnage of Vessel","20192","2019Q2","IEBYT","Bantry Bay","000 Tonnes","164"
"TBQ01C02","Gross Tonnage of Vessel","20192","2019Q2","IEDRO","Drogheda","000 Tonnes","303"
"TBQ01C02","Gross Tonnage of Vessel","20192","2019Q2","IEDUB","Dublin","000 Tonnes","50261"
"TBQ01C02","Gross Tonnage of Vessel","20192","2019Q2","IEFOV","Shannon Foynes","000 Tonnes","1549"
"TBQ01C02","Gross Tonnage of Vessel","20192","2019Q2","IEGRN","Greenore","000 Tonnes",""
"TBQ01C02","Gross Tonnage of Vessel","20192","2019Q2","IEORK","Cork","000 Tonnes","7871"
"TBQ01C02","Gross Tonnage of Vessel","20192","2019Q2","IEROS","Rosslare","000 Tonnes","7709"
"TBQ01C02","Gross Tonnage of Vessel","20192","2019Q2","IEWAT","Waterford","000 Tonnes","645"
"TBQ01C02","Gross Tonnage of Vessel","20193","2019Q3","IEMIP","All Main Irish Ports","000 Tonnes","74417"
"TBQ01C02","Gross Tonnage of Vessel","20193","2019Q3","IEBYT","Bantry Bay","000 Tonnes","181"
"TBQ01C02","Gross Tonnage of Vessel","20193","2019Q3","IEDRO","Drogheda","000 Tonnes","284"
"TBQ01C02","Gross Tonnage of Vessel","20193","2019Q3","IEDUB","Dublin","000 Tonnes","51751"
"TBQ01C02","Gross Tonnage of Vessel","20193","2019Q3","IEFOV","Shannon Foynes","000 Tonnes","1592"
"TBQ01C02","Gross Tonnage of Vessel","20193","2019Q3","IEGRN","Greenore","000 Tonnes",""
"TBQ01C02","Gross Tonnage of Vessel","20193","2019Q3","IEORK","Cork","000 Tonnes","8324"
"TBQ01C02","Gross Tonnage of Vessel","20193","2019Q3","IEROS","Rosslare","000 Tonnes","11329"
"TBQ01C02","Gross Tonnage of Vessel","20193","2019Q3","IEWAT","Waterford","000 Tonnes","957"
"TBQ01C02","Gross Tonnage of Vessel","20194","2019Q4","IEMIP","All Main Irish Ports","000 Tonnes","65581"
"TBQ01C02","Gross Tonnage of Vessel","20194","2019Q4","IEBYT","Bantry Bay","000 Tonnes","202"
"TBQ01C02","Gross Tonnage of Vessel","20194","2019Q4","IEDRO","Drogheda","000 Tonnes","405"
"TBQ01C02","Gross Tonnage of Vessel","20194","2019Q4","IEDUB","Dublin","000 Tonnes","48068"
"TBQ01C02","Gross Tonnage of Vessel","20194","2019Q4","IEFOV","Shannon Foynes","000 Tonnes","1451"
"TBQ01C02","Gross Tonnage of Vessel","20194","2019Q4","IEGRN","Greenore","000 Tonnes",""
"TBQ01C02","Gross Tonnage of Vessel","20194","2019Q4","IEORK","Cork","000 Tonnes","4719"
"TBQ01C02","Gross Tonnage of Vessel","20194","2019Q4","IEROS","Rosslare","000 Tonnes","10041"
"TBQ01C02","Gross Tonnage of Vessel","20194","2019Q4","IEWAT","Waterford","000 Tonnes","695"
"TBQ01C02","Gross Tonnage of Vessel","20201","2020Q1","IEMIP","All Main Irish Ports","000 Tonnes","59329"
"TBQ01C02","Gross Tonnage of Vessel","20201","2020Q1","IEBYT","Bantry Bay","000 Tonnes","275"
"TBQ01C02","Gross Tonnage of Vessel","20201","2020Q1","IEDRO","Drogheda","000 Tonnes","298"
"TBQ01C02","Gross Tonnage of Vessel","20201","2020Q1","IEDUB","Dublin","000 Tonnes","44787"
"TBQ01C02","Gross Tonnage of Vessel","20201","2020Q1","IEFOV","Shannon Foynes","000 Tonnes","1407"
"TBQ01C02","Gross Tonnage of Vessel","20201","2020Q1","IEGRN","Greenore","000 Tonnes",""
"TBQ01C02","Gross Tonnage of Vessel","20201","2020Q1","IEORK","Cork","000 Tonnes","3639"
"TBQ01C02","Gross Tonnage of Vessel","20201","2020Q1","IEROS","Rosslare","000 Tonnes","8337"
"TBQ01C02","Gross Tonnage of Vessel","20201","2020Q1","IEWAT","Waterford","000 Tonnes","586"
"TBQ01C02","Gross Tonnage of Vessel","20202","2020Q2","IEMIP","All Main Irish Ports","000 Tonnes","61405"
"TBQ01C02","Gross Tonnage of Vessel","20202","2020Q2","IEBYT","Bantry Bay","000 Tonnes","426"
"TBQ01C02","Gross Tonnage of Vessel","20202","2020Q2","IEDRO","Drogheda","000 Tonnes","252"
"TBQ01C02","Gross Tonnage of Vessel","20202","2020Q2","IEDUB","Dublin","000 Tonnes","45414"
"TBQ01C02","Gross Tonnage of Vessel","20202","2020Q2","IEFOV","Shannon Foynes","000 Tonnes","1354"
"TBQ01C02","Gross Tonnage of Vessel","20202","2020Q2","IEGRN","Greenore","000 Tonnes",""
"TBQ01C02","Gross Tonnage of Vessel","20202","2020Q2","IEORK","Cork","000 Tonnes","2940"
"TBQ01C02","Gross Tonnage of Vessel","20202","2020Q2","IEROS","Rosslare","000 Tonnes","10449"
"TBQ01C02","Gross Tonnage of Vessel","20202","2020Q2","IEWAT","Waterford","000 Tonnes","568"
"TBQ01C02","Gross Tonnage of Vessel","20203","2020Q3","IEMIP","All Main Irish Ports","000 Tonnes","64381"
"TBQ01C02","Gross Tonnage of Vessel","20203","2020Q3","IEBYT","Bantry Bay","000 Tonnes","328"
"TBQ01C02","Gross Tonnage of Vessel","20203","2020Q3","IEDRO","Drogheda","000 Tonnes","255"
"TBQ01C02","Gross Tonnage of Vessel","20203","2020Q3","IEDUB","Dublin","000 Tonnes","46652"
"TBQ01C02","Gross Tonnage of Vessel","20203","2020Q3","IEFOV","Shannon Foynes","000 Tonnes","1394"
"TBQ01C02","Gross Tonnage of Vessel","20203","2020Q3","IEGRN","Greenore","000 Tonnes",""
"TBQ01C02","Gross Tonnage of Vessel","20203","2020Q3","IEORK","Cork","000 Tonnes","4226"
"TBQ01C02","Gross Tonnage of Vessel","20203","2020Q3","IEROS","Rosslare","000 Tonnes","10918"
"TBQ01C02","Gross Tonnage of Vessel","20203","2020Q3","IEWAT","Waterford","000 Tonnes","608"
"TBQ01C02","Gross Tonnage of Vessel","20204","2020Q4","IEMIP","All Main Irish Ports","000 Tonnes","67201"
"TBQ01C02","Gross Tonnage of Vessel","20204","2020Q4","IEBYT","Bantry Bay","000 Tonnes","57"
"TBQ01C02","Gross Tonnage of Vessel","20204","2020Q4","IEDRO","Drogheda","000 Tonnes","319"
"TBQ01C02","Gross Tonnage of Vessel","20204","2020Q4","IEDUB","Dublin","000 Tonnes","50549"
"TBQ01C02","Gross Tonnage of Vessel","20204","2020Q4","IEFOV","Shannon Foynes","000 Tonnes","1607"
"TBQ01C02","Gross Tonnage of Vessel","20204","2020Q4","IEGRN","Greenore","000 Tonnes",""
"TBQ01C02","Gross Tonnage of Vessel","20204","2020Q4","IEORK","Cork","000 Tonnes","4042"
"TBQ01C02","Gross Tonnage of Vessel","20204","2020Q4","IEROS","Rosslare","000 Tonnes","10011"
"TBQ01C02","Gross Tonnage of Vessel","20204","2020Q4","IEWAT","Waterford","000 Tonnes","614"
"TBQ01C02","Gross Tonnage of Vessel","20211","2021Q1","IEMIP","All Main Irish Ports","000 Tonnes","62349"
"TBQ01C02","Gross Tonnage of Vessel","20211","2021Q1","IEBYT","Bantry Bay","000 Tonnes","57"
"TBQ01C02","Gross Tonnage of Vessel","20211","2021Q1","IEDRO","Drogheda","000 Tonnes","313"
"TBQ01C02","Gross Tonnage of Vessel","20211","2021Q1","IEDUB","Dublin","000 Tonnes","43403"
"TBQ01C02","Gross Tonnage of Vessel","20211","2021Q1","IEFOV","Shannon Foynes","000 Tonnes","1559"
"TBQ01C02","Gross Tonnage of Vessel","20211","2021Q1","IEGRN","Greenore","000 Tonnes",""
"TBQ01C02","Gross Tonnage of Vessel","20211","2021Q1","IEORK","Cork","000 Tonnes","4749"
"TBQ01C02","Gross Tonnage of Vessel","20211","2021Q1","IEROS","Rosslare","000 Tonnes","11626"
"TBQ01C02","Gross Tonnage of Vessel","20211","2021Q1","IEWAT","Waterford","000 Tonnes","641"
"TBQ01C02","Gross Tonnage of Vessel","20212","2021Q2","IEMIP","All Main Irish Ports","000 Tonnes","66112"
"TBQ01C02","Gross Tonnage of Vessel","20212","2021Q2","IEBYT","Bantry Bay","000 Tonnes","99"
"TBQ01C02","Gross Tonnage of Vessel","20212","2021Q2","IEDRO","Drogheda","000 Tonnes","242"
"TBQ01C02","Gross Tonnage of Vessel","20212","2021Q2","IEDUB","Dublin","000 Tonnes","46643"
"TBQ01C02","Gross Tonnage of Vessel","20212","2021Q2","IEFOV","Shannon Foynes","000 Tonnes","1549"
"TBQ01C02","Gross Tonnage of Vessel","20212","2021Q2","IEGRN","Greenore","000 Tonnes",""
"TBQ01C02","Gross Tonnage of Vessel","20212","2021Q2","IEORK","Cork","000 Tonnes","5433"
"TBQ01C02","Gross Tonnage of Vessel","20212","2021Q2","IEROS","Rosslare","000 Tonnes","11537"
"TBQ01C02","Gross Tonnage of Vessel","20212","2021Q2","IEWAT","Waterford","000 Tonnes","609"
"TBQ01C02","Gross Tonnage of Vessel","20213","2021Q3","IEMIP","All Main Irish Ports","000 Tonnes","72787"
"TBQ01C02","Gross Tonnage of Vessel","20213","2021Q3","IEBYT","Bantry Bay","000 Tonnes","243"
"TBQ01C02","Gross Tonnage of Vessel","20213","2021Q3","IEDRO","Drogheda","000 Tonnes","235"
"TBQ01C02","Gross Tonnage of Vessel","20213","2021Q3","IEDUB","Dublin","000 Tonnes","49465"
"TBQ01C02","Gross Tonnage of Vessel","20213","2021Q3","IEFOV","Shannon Foynes","000 Tonnes","1594"
"TBQ01C02","Gross Tonnage of Vessel","20213","2021Q3","IEGRN","Greenore","000 Tonnes",""
"TBQ01C02","Gross Tonnage of Vessel","20213","2021Q3","IEORK","Cork","000 Tonnes","7080"
"TBQ01C02","Gross Tonnage of Vessel","20213","2021Q3","IEROS","Rosslare","000 Tonnes","13587"
"TBQ01C02","Gross Tonnage of Vessel","20213","2021Q3","IEWAT","Waterford","000 Tonnes","583"
"TBQ01C02","Gross Tonnage of Vessel","20214","2021Q4","IEMIP","All Main Irish Ports","000 Tonnes","66010"
"TBQ01C02","Gross Tonnage of Vessel","20214","2021Q4","IEBYT","Bantry Bay","000 Tonnes","0"
"TBQ01C02","Gross Tonnage of Vessel","20214","2021Q4","IEDRO","Drogheda","000 Tonnes","266"
"TBQ01C02","Gross Tonnage of Vessel","20214","2021Q4","IEDUB","Dublin","000 Tonnes","46179"
"TBQ01C02","Gross Tonnage of Vessel","20214","2021Q4","IEFOV","Shannon Foynes","000 Tonnes","2007"
"TBQ01C02","Gross Tonnage of Vessel","20214","2021Q4","IEGRN","Greenore","000 Tonnes",""
"TBQ01C02","Gross Tonnage of Vessel","20214","2021Q4","IEORK","Cork","000 Tonnes","4980"
"TBQ01C02","Gross Tonnage of Vessel","20214","2021Q4","IEROS","Rosslare","000 Tonnes","11952"
"TBQ01C02","Gross Tonnage of Vessel","20214","2021Q4","IEWAT","Waterford","000 Tonnes","626"
"TBQ01C02","Gross Tonnage of Vessel","20221","2022Q1","IEMIP","All Main Irish Ports","000 Tonnes","62055"
"TBQ01C02","Gross Tonnage of Vessel","20221","2022Q1","IEBYT","Bantry Bay","000 Tonnes","30"
"TBQ01C02","Gross Tonnage of Vessel","20221","2022Q1","IEDRO","Drogheda","000 Tonnes","182"
"TBQ01C02","Gross Tonnage of Vessel","20221","2022Q1","IEDUB","Dublin","000 Tonnes","44155"
"TBQ01C02","Gross Tonnage of Vessel","20221","2022Q1","IEFOV","Shannon Foynes","000 Tonnes","1741"
"TBQ01C02","Gross Tonnage of Vessel","20221","2022Q1","IEGRN","Greenore","000 Tonnes",""
"TBQ01C02","Gross Tonnage of Vessel","20221","2022Q1","IEORK","Cork","000 Tonnes","4769"
"TBQ01C02","Gross Tonnage of Vessel","20221","2022Q1","IEROS","Rosslare","000 Tonnes","10585"
"TBQ01C02","Gross Tonnage of Vessel","20221","2022Q1","IEWAT","Waterford","000 Tonnes","593"
"TBQ01C02","Gross Tonnage of Vessel","20222","2022Q2","IEMIP","All Main Irish Ports","000 Tonnes","71987"
"TBQ01C02","Gross Tonnage of Vessel","20222","2022Q2","IEBYT","Bantry Bay","000 Tonnes","128"
"TBQ01C02","Gross Tonnage of Vessel","20222","2022Q2","IEDRO","Drogheda","000 Tonnes","180"
"TBQ01C02","Gross Tonnage of Vessel","20222","2022Q2","IEDUB","Dublin","000 Tonnes","48236"
"TBQ01C02","Gross Tonnage of Vessel","20222","2022Q2","IEFOV","Shannon Foynes","000 Tonnes","2955"
"TBQ01C02","Gross Tonnage of Vessel","20222","2022Q2","IEGRN","Greenore","000 Tonnes",""
"TBQ01C02","Gross Tonnage of Vessel","20222","2022Q2","IEORK","Cork","000 Tonnes","8551"
"TBQ01C02","Gross Tonnage of Vessel","20222","2022Q2","IEROS","Rosslare","000 Tonnes","10757"
"TBQ01C02","Gross Tonnage of Vessel","20222","2022Q2","IEWAT","Waterford","000 Tonnes","1180"
"TBQ01C02","Gross Tonnage of Vessel","20223","2022Q3","IEMIP","All Main Irish Ports","000 Tonnes","78814"
"TBQ01C02","Gross Tonnage of Vessel","20223","2022Q3","IEBYT","Bantry Bay","000 Tonnes","81"
"TBQ01C02","Gross Tonnage of Vessel","20223","2022Q3","IEDRO","Drogheda","000 Tonnes","119"
"TBQ01C02","Gross Tonnage of Vessel","20223","2022Q3","IEDUB","Dublin","000 Tonnes","49597"
"TBQ01C02","Gross Tonnage of Vessel","20223","2022Q3","IEFOV","Shannon Foynes","000 Tonnes","1374"
"TBQ01C02","Gross Tonnage of Vessel","20223","2022Q3","IEGRN","Greenore","000 Tonnes",""
"TBQ01C02","Gross Tonnage of Vessel","20223","2022Q3","IEORK","Cork","000 Tonnes","9258"
"TBQ01C02","Gross Tonnage of Vessel","20223","2022Q3","IEROS","Rosslare","000 Tonnes","17046"
"TBQ01C02","Gross Tonnage of Vessel","20223","2022Q3","IEWAT","Waterford","000 Tonnes","1338"
"TBQ01C02","Gross Tonnage of Vessel","20224","2022Q4","IEMIP","All Main Irish Ports","000 Tonnes","67152"
"TBQ01C02","Gross Tonnage of Vessel","20224","2022Q4","IEBYT","Bantry Bay","000 Tonnes","267"
"TBQ01C02","Gross Tonnage of Vessel","20224","2022Q4","IEDRO","Drogheda","000 Tonnes","142"
"TBQ01C02","Gross Tonnage of Vessel","20224","2022Q4","IEDUB","Dublin","000 Tonnes","46028"
"TBQ01C02","Gross Tonnage of Vessel","20224","2022Q4","IEFOV","Shannon Foynes","000 Tonnes","1599"
"TBQ01C02","Gross Tonnage of Vessel","20224","2022Q4","IEGRN","Greenore","000 Tonnes",""
"TBQ01C02","Gross Tonnage of Vessel","20224","2022Q4","IEORK","Cork","000 Tonnes","4758"
"TBQ01C02","Gross Tonnage of Vessel","20224","2022Q4","IEROS","Rosslare","000 Tonnes","13725"
"TBQ01C02","Gross Tonnage of Vessel","20224","2022Q4","IEWAT","Waterford","000 Tonnes","634"
"TBQ01C02","Gross Tonnage of Vessel","20231","2023Q1","IEMIP","All Main Irish Ports","000 Tonnes","63435"
"TBQ01C02","Gross Tonnage of Vessel","20231","2023Q1","IEBYT","Bantry Bay","000 Tonnes","120"
"TBQ01C02","Gross Tonnage of Vessel","20231","2023Q1","IEDRO","Drogheda","000 Tonnes","125"
"TBQ01C02","Gross Tonnage of Vessel","20231","2023Q1","IEDUB","Dublin","000 Tonnes","43780"
"TBQ01C02","Gross Tonnage of Vessel","20231","2023Q1","IEFOV","Shannon Foynes","000 Tonnes","1296"
"TBQ01C02","Gross Tonnage of Vessel","20231","2023Q1","IEGRN","Greenore","000 Tonnes",""
"TBQ01C02","Gross Tonnage of Vessel","20231","2023Q1","IEORK","Cork","000 Tonnes","4269"
"TBQ01C02","Gross Tonnage of Vessel","20231","2023Q1","IEROS","Rosslare","000 Tonnes","13307"
"TBQ01C02","Gross Tonnage of Vessel","20231","2023Q1","IEWAT","Waterford","000 Tonnes","537"
"TBQ01C02","Gross Tonnage of Vessel","20232","2023Q2","IEMIP","All Main Irish Ports","000 Tonnes","72493"
"TBQ01C02","Gross Tonnage of Vessel","20232","2023Q2","IEBYT","Bantry Bay","000 Tonnes","59"
"TBQ01C02","Gross Tonnage of Vessel","20232","2023Q2","IEDRO","Drogheda","000 Tonnes","257"
"TBQ01C02","Gross Tonnage of Vessel","20232","2023Q2","IEDUB","Dublin","000 Tonnes","47011"
"TBQ01C02","Gross Tonnage of Vessel","20232","2023Q2","IEFOV","Shannon Foynes","000 Tonnes","1363"
"TBQ01C02","Gross Tonnage of Vessel","20232","2023Q2","IEGRN","Greenore","000 Tonnes",""
"TBQ01C02","Gross Tonnage of Vessel","20232","2023Q2","IEORK","Cork","000 Tonnes","8553"
"TBQ01C02","Gross Tonnage of Vessel","20232","2023Q2","IEROS","Rosslare","000 Tonnes","14182"
"TBQ01C02","Gross Tonnage of Vessel","20232","2023Q2","IEWAT","Waterford","000 Tonnes","1068"
"TBQ01C02","Gross Tonnage of Vessel","20233","2023Q3","IEMIP","All Main Irish Ports","000 Tonnes","76754"
"TBQ01C02","Gross Tonnage of Vessel","20233","2023Q3","IEBYT","Bantry Bay","000 Tonnes",""
"TBQ01C02","Gross Tonnage of Vessel","20233","2023Q3","IEDRO","Drogheda","000 Tonnes","262"
"TBQ01C02","Gross Tonnage of Vessel","20233","2023Q3","IEDUB","Dublin","000 Tonnes","47528"
"TBQ01C02","Gross Tonnage of Vessel","20233","2023Q3","IEFOV","Shannon Foynes","000 Tonnes","1294"
"TBQ01C02","Gross Tonnage of Vessel","20233","2023Q3","IEGRN","Greenore","000 Tonnes",""
"TBQ01C02","Gross Tonnage of Vessel","20233","2023Q3","IEORK","Cork","000 Tonnes","9804"
"TBQ01C02","Gross Tonnage of Vessel","20233","2023Q3","IEROS","Rosslare","000 Tonnes","16884"
"TBQ01C02","Gross Tonnage of Vessel","20233","2023Q3","IEWAT","Waterford","000 Tonnes","981"
"TBQ01C02","Gross Tonnage of Vessel","20234","2023Q4","IEMIP","All Main Irish Ports","000 Tonnes","66604"
"TBQ01C02","Gross Tonnage of Vessel","20234","2023Q4","IEBYT","Bantry Bay","000 Tonnes",""
"TBQ01C02","Gross Tonnage of Vessel","20234","2023Q4","IEDRO","Drogheda","000 Tonnes","514"
"TBQ01C02","Gross Tonnage of Vessel","20234","2023Q4","IEDUB","Dublin","000 Tonnes","44072"
"TBQ01C02","Gross Tonnage of Vessel","20234","2023Q4","IEFOV","Shannon Foynes","000 Tonnes","1285"
"TBQ01C02","Gross Tonnage of Vessel","20234","2023Q4","IEGRN","Greenore","000 Tonnes",""
"TBQ01C02","Gross Tonnage of Vessel","20234","2023Q4","IEORK","Cork","000 Tonnes","5201"
"TBQ01C02","Gross Tonnage of Vessel","20234","2023Q4","IEROS","Rosslare","000 Tonnes","14995"
"TBQ01C02","Gross Tonnage of Vessel","20234","2023Q4","IEWAT","Waterford","000 Tonnes","537"
"TBQ01C02","Gross Tonnage of Vessel","20241","2024Q1","IEMIP","All Main Irish Ports","000 Tonnes","58865"
"TBQ01C02","Gross Tonnage of Vessel","20241","2024Q1","IEBYT","Bantry Bay","000 Tonnes","29"
"TBQ01C02","Gross Tonnage of Vessel","20241","2024Q1","IEDRO","Drogheda","000 Tonnes","321"
"TBQ01C02","Gross Tonnage of Vessel","20241","2024Q1","IEDUB","Dublin","000 Tonnes","41065"
"TBQ01C02","Gross Tonnage of Vessel","20241","2024Q1","IEFOV","Shannon Foynes","000 Tonnes","1539"
"TBQ01C02","Gross Tonnage of Vessel","20241","2024Q1","IEGRN","Greenore","000 Tonnes",""
"TBQ01C02","Gross Tonnage of Vessel","20241","2024Q1","IEORK","Cork","000 Tonnes","4452"
"TBQ01C02","Gross Tonnage of Vessel","20241","2024Q1","IEROS","Rosslare","000 Tonnes","10861"
"TBQ01C02","Gross Tonnage of Vessel","20241","2024Q1","IEWAT","Waterford","000 Tonnes","598"
"TBQ01C02","Gross Tonnage of Vessel","20242","2024Q2","IEMIP","All Main Irish Ports","000 Tonnes","72587"
"TBQ01C02","Gross Tonnage of Vessel","20242","2024Q2","IEBYT","Bantry Bay","000 Tonnes","87"
"TBQ01C02","Gross Tonnage of Vessel","20242","2024Q2","IEDRO","Drogheda","000 Tonnes","309"
"TBQ01C02","Gross Tonnage of Vessel","20242","2024Q2","IEDUB","Dublin","000 Tonnes","48087"
"TBQ01C02","Gross Tonnage of Vessel","20242","2024Q2","IEFOV","Shannon Foynes","000 Tonnes","1454"
"TBQ01C02","Gross Tonnage of Vessel","20242","2024Q2","IEGRN","Greenore","000 Tonnes",""
"TBQ01C02","Gross Tonnage of Vessel","20242","2024Q2","IEORK","Cork","000 Tonnes","8332"
"TBQ01C02","Gross Tonnage of Vessel","20242","2024Q2","IEROS","Rosslare","000 Tonnes","13465"
"TBQ01C02","Gross Tonnage of Vessel","20242","2024Q2","IEWAT","Waterford","000 Tonnes","854"
"TBQ01C02","Gross Tonnage of Vessel","20243","2024Q3","IEMIP","All Main Irish Ports","000 Tonnes","80295"
"TBQ01C02","Gross Tonnage of Vessel","20243","2024Q3","IEBYT","Bantry Bay","000 Tonnes",""
"TBQ01C02","Gross Tonnage of Vessel","20243","2024Q3","IEDRO","Drogheda","000 Tonnes","125"
"TBQ01C02","Gross Tonnage of Vessel","20243","2024Q3","IEDUB","Dublin","000 Tonnes","50943"
"TBQ01C02","Gross Tonnage of Vessel","20243","2024Q3","IEFOV","Shannon Foynes","000 Tonnes","1421"
"TBQ01C02","Gross Tonnage of Vessel","20243","2024Q3","IEGRN","Greenore","000 Tonnes",""
"TBQ01C02","Gross Tonnage of Vessel","20243","2024Q3","IEORK","Cork","000 Tonnes","9301"
"TBQ01C02","Gross Tonnage of Vessel","20243","2024Q3","IEROS","Rosslare","000 Tonnes","17470"
"TBQ01C02","Gross Tonnage of Vessel","20243","2024Q3","IEWAT","Waterford","000 Tonnes","1034"
"TBQ01C02","Gross Tonnage of Vessel","20244","2024Q4","IEMIP","All Main Irish Ports","000 Tonnes","63562"
"TBQ01C02","Gross Tonnage of Vessel","20244","2024Q4","IEBYT","Bantry Bay","000 Tonnes",""
"TBQ01C02","Gross Tonnage of Vessel","20244","2024Q4","IEDRO","Drogheda","000 Tonnes","181"
"TBQ01C02","Gross Tonnage of Vessel","20244","2024Q4","IEDUB","Dublin","000 Tonnes","41312"
"TBQ01C02","Gross Tonnage of Vessel","20244","2024Q4","IEFOV","Shannon Foynes","000 Tonnes","1683"
"TBQ01C02","Gross Tonnage of Vessel","20244","2024Q4","IEGRN","Greenore","000 Tonnes",""
"TBQ01C02","Gross Tonnage of Vessel","20244","2024Q4","IEORK","Cork","000 Tonnes","4522"
"TBQ01C02","Gross Tonnage of Vessel","20244","2024Q4","IEROS","Rosslare","000 Tonnes","15215"
"TBQ01C02","Gross Tonnage of Vessel","20244","2024Q4","IEWAT","Waterford","000 Tonnes","649"
"TBQ01C02","Gross Tonnage of Vessel","20251","2025Q1","IEMIP","All Main Irish Ports","000 Tonnes","59905"
"TBQ01C02","Gross Tonnage of Vessel","20251","2025Q1","IEBYT","Bantry Bay","000 Tonnes","56"
"TBQ01C02","Gross Tonnage of Vessel","20251","2025Q1","IEDRO","Drogheda","000 Tonnes","167"
"TBQ01C02","Gross Tonnage of Vessel","20251","2025Q1","IEDUB","Dublin","000 Tonnes","39973"
"TBQ01C02","Gross Tonnage of Vessel","20251","2025Q1","IEFOV","Shannon Foynes","000 Tonnes","1495"
"TBQ01C02","Gross Tonnage of Vessel","20251","2025Q1","IEGRN","Greenore","000 Tonnes","369"
"TBQ01C02","Gross Tonnage of Vessel","20251","2025Q1","IEORK","Cork","000 Tonnes","3809"
"TBQ01C02","Gross Tonnage of Vessel","20251","2025Q1","IEROS","Rosslare","000 Tonnes","13336"
"TBQ01C02","Gross Tonnage of Vessel","20251","2025Q1","IEWAT","Waterford","000 Tonnes","699"
"TBQ01C02","Gross Tonnage of Vessel","20252","2025Q2","IEMIP","All Main Irish Ports","000 Tonnes","76742"
"TBQ01C02","Gross Tonnage of Vessel","20252","2025Q2","IEBYT","Bantry Bay","000 Tonnes","58"
"TBQ01C02","Gross Tonnage of Vessel","20252","2025Q2","IEDRO","Drogheda","000 Tonnes","167"
"TBQ01C02","Gross Tonnage of Vessel","20252","2025Q2","IEDUB","Dublin","000 Tonnes","49918"
"TBQ01C02","Gross Tonnage of Vessel","20252","2025Q2","IEFOV","Shannon Foynes","000 Tonnes","1697"
"TBQ01C02","Gross Tonnage of Vessel","20252","2025Q2","IEGRN","Greenore","000 Tonnes","400"
"TBQ01C02","Gross Tonnage of Vessel","20252","2025Q2","IEORK","Cork","000 Tonnes","7607"
"TBQ01C02","Gross Tonnage of Vessel","20252","2025Q2","IEROS","Rosslare","000 Tonnes","16053"
"TBQ01C02","Gross Tonnage of Vessel","20252","2025Q2","IEWAT","Waterford","000 Tonnes","841"
"TBQ01C02","Gross Tonnage of Vessel","20253","2025Q3","IEMIP","All Main Irish Ports","000 Tonnes","81132"
"TBQ01C02","Gross Tonnage of Vessel","20253","2025Q3","IEBYT","Bantry Bay","000 Tonnes","91"
"TBQ01C02","Gross Tonnage of Vessel","20253","2025Q3","IEDRO","Drogheda","000 Tonnes","167"
"TBQ01C02","Gross Tonnage of Vessel","20253","2025Q3","IEDUB","Dublin","000 Tonnes","52642"
"TBQ01C02","Gross Tonnage of Vessel","20253","2025Q3","IEFOV","Shannon Foynes","000 Tonnes","1549"
"TBQ01C02","Gross Tonnage of Vessel","20253","2025Q3","IEGRN","Greenore","000 Tonnes","388"
"TBQ01C02","Gross Tonnage of Vessel","20253","2025Q3","IEORK","Cork","000 Tonnes","8941"
"TBQ01C02","Gross Tonnage of Vessel","20253","2025Q3","IEROS","Rosslare","000 Tonnes","15865"
"TBQ01C02","Gross Tonnage of Vessel","20253","2025Q3","IEWAT","Waterford","000 Tonnes","1489"
"TBQ01C02","Gross Tonnage of Vessel","20254","2025Q4","IEMIP","All Main Irish Ports","000 Tonnes","66281"
"TBQ01C02","Gross Tonnage of Vessel","20254","2025Q4","IEBYT","Bantry Bay","000 Tonnes","24"
"TBQ01C02","Gross Tonnage of Vessel","20254","2025Q4","IEDRO","Drogheda","000 Tonnes","178"
"TBQ01C02","Gross Tonnage of Vessel","20254","2025Q4","IEDUB","Dublin","000 Tonnes","46091"
"TBQ01C02","Gross Tonnage of Vessel","20254","2025Q4","IEFOV","Shannon Foynes","000 Tonnes","1516"
"TBQ01C02","Gross Tonnage of Vessel","20254","2025Q4","IEGRN","Greenore","000 Tonnes","354"
"TBQ01C02","Gross Tonnage of Vessel","20254","2025Q4","IEORK","Cork","000 Tonnes","4566"
"TBQ01C02","Gross Tonnage of Vessel","20254","2025Q4","IEROS","Rosslare","000 Tonnes","12823"
"TBQ01C02","Gross Tonnage of Vessel","20254","2025Q4","IEWAT","Waterford","000 Tonnes","729"
"TBQ01C02","Gross Tonnage of Vessel","20261","2026Q1","IEMIP","All Main Irish Ports","000 Tonnes","60779"
"TBQ01C02","Gross Tonnage of Vessel","20261","2026Q1","IEBYT","Bantry Bay","000 Tonnes","146"
"TBQ01C02","Gross Tonnage of Vessel","20261","2026Q1","IEDRO","Drogheda","000 Tonnes","126"
"TBQ01C02","Gross Tonnage of Vessel","20261","2026Q1","IEDUB","Dublin","000 Tonnes","43548"
"TBQ01C02","Gross Tonnage of Vessel","20261","2026Q1","IEFOV","Shannon Foynes","000 Tonnes","1326"
"TBQ01C02","Gross Tonnage of Vessel","20261","2026Q1","IEGRN","Greenore","000 Tonnes","336"
"TBQ01C02","Gross Tonnage of Vessel","20261","2026Q1","IEORK","Cork","000 Tonnes","3976"
"TBQ01C02","Gross Tonnage of Vessel","20261","2026Q1","IEROS","Rosslare","000 Tonnes","10733"
"TBQ01C02","Gross Tonnage of Vessel","20261","2026Q1","IEWAT","Waterford","000 Tonnes","588"
